ID,TITLE,BPM,KEY,PART,ARTIST,TYPE,ORIGIN,YEAR,SEASON
0,Ambivalent,130,A# Major,,,Anime,,2024,
3,DiViNE,101.5,E Major,,,Anime,,2021,
7,Sound of Snow,86,D Major,,,Anime,,2024,
8,Preview,88,F# Major,,,Anime,,2023,
9,Onnaji Kimochi.,130,G Major,,,Anime,,2021,
10,Wanna Fly?,89,C Major,,,Anime,,2021,
11,Mirai no Hero Taichi,92.5,B Major,,,Anime,,2022,
12,My Dear SiSTARS!,73,F Major,,,Anime,,2024,
14,Go Exceed!!,92.5,D Major,,,Anime,,,
19,Start Line,88,F Major,,,Anime,,2022,
20,See You Again,150,F Major,,,Anime,,2023,
26,Feel Alive,152,C Major,,,Anime,,2023,
28,Jinsei Easy,138,G Major,,,Anime,,2021,
29,Himitsu Koi Gokoro,83,A# Major,,,Anime,,2022,
30,Change The World,129.15,D Major,,,Anime,,,
36,Let's Duel!!,87,A Major,,,Anime,,2024,
41,Colorful,76.5,F Major,,Miku Sawai,Anime,Saekano: How to Raise a Boring Girlfriend,2015,
42,Kuchizuke Diamond,82,G Major,,WEAVER,Anime,Yamada-kun and the Seven Witches,2015,
49,routine life,105,D Major,,,Anime,,2024,
52,In My World,95,E Major,,,Anime,,,
55,My Dearest,84,C Major,,supercell,Anime,Guilty Crown,2011,
59,oath sign,76,G Major,,LiSA,Anime,Fate/Zero,2011,
61,Black Swallowtail,102,F Major,,,Anime,,,
63,Shadow and Truth,121,G Major,,,Anime,,,
71,Stay Alive,70,G# Major,,Rie Takahashi,Anime,Re:Zero − Starting Life in Another World,2016,
72,Yukitoki,82.5,F Major,,Nagi Yanagi,Anime,My Teen Romantic Comedy SNAFU,2013,
73,Kimi ga Emu Yuugure,83,A Major,,Yoshino Nanjo,Anime,Tokyo Ravens,2014,
74,Koigoromo,92,F# Major,,,Anime,,2023,
84,WataMote!,100,D# Major,,,Anime,,,
85,Regeneration,123,G Major,,,Anime,,,
86,departure!,80,C# Major,,Masatoshi Ono,Anime,Hunter x Hunter (2011),2011,
91,LEveL,113,F Major,,,Anime,,2024,
93,Golden Time,70.5,F Major,,Yui Horie,Anime,Golden Time,2013,
95,Uso no Hibana,94,D Major,,,Anime,,,
99,"My Soul, Your Beats",72.5,D Major,,Lia,Anime,Angel Beats,2010,
106,again,70,G Major,,yui,Anime,Fullmetal Alchemist: Brotherhood,2010,
109,Rakuen no Tsubasa,77.5,C Major,,Maon Kurosaki,Anime,The Fruit of Grisaia,2014,
114,Dystopia,95,G# Major,,,Anime,,2023,
117,Like Flames,87.5,A# Major,,,Anime,,2021,
125,MISSION,86,A Major,,,Anime,,2024,
128,Whatcha Gonna Do?,160,D# Major,,,Anime,,2023,
133,Obake Himawari,112,D Major,,,Anime,,2024,
135,give it back,100,C# Major,,,Anime,,2021,
136,Bonno ☆ Paradise,96,C Major,,,Anime,,2023,
140,Kyoukaisen,93.5,D Major,,,Anime,,2021,
142,Uragirinoyuuyake,75.5,G Major,,Theatre Brook,Anime,Durarara!!,2010,
143,Unmei Kyoudoutai!,130,A Major,,,Anime,,2023,
146,Contradiction,130,G Major,,,Anime,,,
147,The Other self,75,D Major,,GRANRODEO,Anime,Kuroko no Basket,2013,
148,Yofukashi no Uta,115,C# Major,,,Anime,,2022,
152,Akuma no Ko,90,D Major,,,Anime,,2022,
155,SHAKE! SHAKE!,72,D Major,,,Anime,,2021,
158,Sore wa Akatsuki no,100,G Major,,,Anime,,,
161,Yuke,90,E Major,,,Anime,,2021,
163,Candy Magic,80,C# Major,,MimimemeMIMI,Anime,Yamada-kun and the Seven Witches,2015,
164,Negotiation,75,D Major,,,Anime,,2020,
170,Isekai Quartet,74,C Major,,"Satoshi Hino, Jun Fukushima, Yuusuke Kobayashi, Aoi Yuuki",Anime,Isekai Quartet,2019,
173,Kokoro Hayaru,91,C# Major,,,Anime,,2021,
174,Love Call,91,G Major,,,Anime,,2024,
175,Hajimari e To Tsuzuk,136,F Major,,,Anime,,2022,
178,Aire,96.5,C Major,,,Anime,,2024,
180,Shayou,124,F Major,,,Anime,,2023,
183,Only one yell,90,C# Major,,,Anime,,2021,
186,"Can Now, Can Now",80,F Major,,Study,Anime,We Never Learn,2019,
189,Broken Sky,91,F# Major,,,Anime,,2020,
190,Black Catcher,100,D Major,,,Anime,,,
193,kaleidoscope,95,A# Major,,,Anime,,2023,
202,Hana no Tou,85.5,G# Major,,,Anime,,2022,
206,Touka,75,G Major,,,Anime,,2023,
208,Is There Still Anything That Love Can Do,71,A Major,,RADWIMPS,Anime,Weathering With You,2019,
209,Secret Story,88.5,E Major,,,Anime,,,
211,About a Rock n' Roll,88,E Major,,,Anime,,2023,
217,ODDTAXI,90,F Major,,,Anime,,2021,
220,Utatane Sunshine,114,D Major,,,Anime,,,
225,Kimi ga Suki da to Sake Bitai,71,F Major,,Baad,Anime,Slam Dunk,1993,
229,Fuyunohanashi,135,F Major,,,Anime,,,
230,Ringoiro Memories,84.5,D Major,,"Yuuko Goto, Shizuka Ishigami, Sumire Uesaka, Nozomi Yamamoto",Anime,"Why the Hell are You Here, Teacher!?",2019,
239,Be Starters!,84,F Major,,Eri Kitamura,Anime,Mayo Chiki!,2011,
242,Liar Mask,90,F Major,,,Anime,,,
243,Bug-chan,93.5,F Major,,,Anime,,2023,
244,Koi de Ai De Boukun,98,G Major,,,Anime,,,
254,Gunjo,135,A# Major,,,Anime,,,
256,Shirushibi,70,F Major,,,Anime,,2021,
257,Tear of Will,136,G Major,,,Anime,,2022,
263,Shinkai,123,B Major,,,Anime,,2020,
266,KAREI ONE TURN,87.5,F Major,,,Anime,,2023,
268,Datte Atashino Hero,94.5,D# Major,,,Anime,,,
269,Shiawase,133,G# Major,,,Anime,,2023,
273,Sandersonia,87.5,D# Major,,,Anime,,2022,
276,1st Love Story,137.5,D# Major,,,Anime,,,
277,Otogibanashi no yo,85,D# Major,,,Anime,,2021,
280,"Ready, Set, Go!!",86,F Major,,,Anime,,2022,
281,UNDEAD-NOID,74.5,G Major,,,Anime,,2022,
287,Zankoku na Yume to,93,B Major,,,Anime,,2021,
293,SPARK-AGAIN,90,A Major,,,Anime,,2020,
294,Yuuma ga Doki,90,G# Major,,,Anime,,2023,
298,Amegafurukara,93,E Major,,,Anime,,,
306,Redo,95,D# Major,,,Anime,,,
312,RISE FROM DEAD,87.5,D Major,,,Anime,,2023,
316,flumpool - freeze,136,D Major,,,Anime,,2021,
318,Ten to Sen,90,A Major,,,Anime,,2023,
320,Sekai Ochiteiru,130,G Major,,,Anime,,,
323,Star Marker,134,E Major,,,Anime,,2020,
334,GET BACK,100,E Major,,,Anime,,2023,
337,Sleep Walking Orch,127,C# Major,,,Anime,,2024,
346,"Dakara, Hitori ja Nai",90,D# Major,,,Anime,,,
348,Silhouette,91.5,D Major,,,Anime,,,
355,Absolute Zero,110.5,G# Major,,,Anime,,2024,
359,Kyoukai no Kanata,92,G# Major,,,Anime,,,
362,Black Rover,102,F# Major,,,Anime,,,
363,Mahi,100,D# Major,,,Anime,,2021,
365,Tokyo Winter Session,131,F Major,,,Anime,,,
368,Fiction,123,G Major,,,Anime,,,
370,Rinne,93,G Major,,,Anime,,2021,
372,Rekka,70.5,D# Major,,,Anime,,2024,
375,Sign wa B,87.5,F# Major,,,Anime,,2023,
377,Onaji Sora no Shita,95,D Major,,,Anime,,,
378,takt,120.67,B Major,,,Anime,,2021,
382,Yuusha,104,A# Major,,,Anime,,2023,
385,Dramatic ni Koi Shitai,80,F# Major,,,Anime,,2023,
392,Jouzai,100,D Major,,,Anime,,2022,
397,Cagayake Girls,85,E Major,,Houkago Tea Time,Anime,K-On!,2009,
404,Paper Bouquet,106,D# Major,,,Anime,,2022,
414,Grandeur,128,G# Major,,,Anime,,2021,
420,Highschool of the D,95,G Major,,,Anime,,,
424,X.U.,127,C# Major,,,Anime,,,
430,Last Straw,82,C# Major,,,Anime,,2022,
432,Bubble,73,F Major,,,Anime,,2022,
433,Fanfare,132,D# Major,,,Anime,,2023,
434,Cantabile,130,F# Major,,,Anime,,2023,
442,Make My Story,132,F# Major,,,Anime,,,
445,ACHE in PULSE,130,F# Major,,,Anime,,2023,
447,Ima Koko,70,E Major,,Nao Touyama,Anime,"As The Moon, So Beautiful",2017,
450,Dadada,92,B Major,,,Anime,,,
453,PAPERMOON,82,A# Major,,Tommy heavenly6,Anime,Soul Eater,2008,
455,Susume! Mujina,87.5,A Major,,,Anime,,2021,
458,crossing field,89.5,F Major,,,Anime,,,
467,A Cruel Angel's Thesis,128.3,D# Major,,,Anime,,,
470,WONDERFUL WORLD,89,D# Major,,,Anime,,2022,
471,Red Swan,132,F Major,,,Anime,,,
479,Never Say Goodbye,78.5,F# Major,,,Anime,,2023,
489,Narihibiku kagiri,102,F# Major,,,Anime,,2022,
496,Papapa,126,C# Major,,,Anime,,,
501,Everyday World,77,D Major,,"Saori Hayami, Nao Toyama",Anime,My Teen Romantic Comedy SNAFU,2015,
502,Vital,100,D Major,,,Anime,,,
505,Hajimete no SEASON,92,D# Major,,,Anime,,,
506,STACKiNG,89,C Major,,,Anime,,2021,
507,Like That,88,G# Major,,,Anime,,2022,
508,Tomoshibi no Mani,80,D Major,,Nao Toyama,Anime,Kakushigoto,2020,
513,Irony,134,E Major,,,Anime,,,
516,Shin Jidai,87.5,G Major,,,Anime,,2022,
521,Dreamy Life,138,C Major,,,Anime,,2022,
524,Make Up Life,112.5,A Major,,,Anime,,2022,
526,God only knows,85,A Major,,Oratorio The World God Only Knows (ELISA),Anime,The World God Only Knows,2010,
532,Nameless Story,97,F# Major,,,Anime,,,
541,Hana ni Natte,96,A# Major,,,Anime,,2023,
542,Namara Menkoi Girl,139,F Major,,,Anime,,2024,
549,PAINT,73.5,D Major,,,Anime,,2022,
551,Ryuusei,71.5,C Major,,Eir Aoi,Anime,Sword Art Online Alternative: Gun Gale Online,2018,
557,Only,75,C Major,,,Anime,,2021,
559,Climber's High,89.5,C# Major,,,Anime,,,
560,Colorful Canvas,90,A Major,,,Anime,,2021,
563,Niji no Oto,84,D Major,,Eir Aoi,Anime,Sword Art Online: Extra Edition,2014,
564,SOUVENIR,79,D Major,,,Anime,,2022,
565,Hello,85,B Major,,,Anime,,2023,
566,Toki wo Kizamu Uta,139,G Major,,,Anime,,,
569,Shounen Shoujo,93,G Major,,,Anime,,2021,
571,ROUGE,109,G Major,,,Anime,,2024,
580,Uryou Mou ni wa,117,C Major,,,Anime,,2023,
581,Bokura no,91.5,C# Major,,,Anime,,2023,
582,Toumei na Sekai,120,G Major,,,Anime,,2021,
584,Bravely You,75,C Major,,Lia,Anime,Charlotte,2015,
585,Hoshi no Orchestra,91,F# Major,,,Anime,,2021,
587,in case…,130,A# Major,,,Anime,,2021,
591,Tomedonai Shiosai,82,G Major,,,Anime,,2021,
596,LOVE CRAZY,117.5,G Major,,,Anime,,2023,
597,LIFE,93,A Major,,,Anime,,,
598,San San Days,90,F# Major,,,Anime,,2022,
600,Paraglider,85,D Major,,,Anime,,2023,
601,Bouken no VLOG,72,G Major,,,Anime,,2021,
606,Wadachi,132,G Major,,,Anime,,2021,
607,Niji to Kaito,77.5,G Major,,,Anime,,2022,
610,"Ah, My Romantic",73,A Major,,,Anime,,2022,
613,CHA-LA HEAD CHA-LA,81.5,D Major,,Hironobu Kageyama,Anime,Dragon Ball Z,1989,
621,Telepath,140,E Major,,,Anime,,2023,
625,LOVE OR HATE?,70,G Major,,,Anime,,2024,
643,NIRVANA,90,E Major,,,Anime,,,
646,LOST IN PARADISE,122,C# Major,,,Anime,,2020,
649,Stand By Me,82.5,E Major,,,Anime,,2023,
650,Magical Babyrinth,139,G Major,,,Anime,,,
651,Omokage,81.5,F Major,,,Anime,,2024,
655,Kirifuda,102.5,F# Major,,,Anime,,2024,
657,Bring Back,97,D# Major,,,Anime,,2022,
659,Yoru wa Nemureru,130,G Major,,,Anime,,,
661,Setsuna no Chikai,81,F# Major,,,Anime,,2023,
663,Kokuhaku Bungee,92.5,C Major,,,Anime,,2020,
664,katharsis,72,G# Major,,TK from Ling tosite sigure,Anime,Tokyo Ghoul:re,2018,
665,Silent Minority,103,D Major,,,Anime,,2022,
670,CheerS,102,E Major,,,Anime,,,
673,Kizutsu kedo,90,B Major,,,Anime,,2023,
677,GOLD,85,C Major,,,Anime,,2023,
679,Dash and Go!,96,D Major,,,Anime,,2023,
682,Reimei,92.5,D# Major,,,Anime,,,
684,Kyuukyoku Unbalance,76,E Major,,Afilia Saga,Anime,"BOFURI: I Don't Want to Get Hurt, so I'll Max Out My Defense.",2020,
689,No Poi!,79,E Major,,Petit Rabbit's,Anime,Is the Order a Rabbit??,2015,
691,Hikatta Coin ga,96,C# Major,,,Anime,,2023,
693,Historia,73.5,A# Major,,,Anime,,2022,
700,Last Scene,150,A Major,,,Anime,,2023,
705,Zankyou Sanka,85.5,B Major,,,Anime,,2022,
706,Fuzaketenaize,75,F Major,,,Anime,,2021,
711,Maybe Baby,130,A Major,,,Anime,,2022,
714,WITH,87.5,F Major,,,Anime,,2022,
717,nnb,94,F# Major,,,Anime,,,
719,Growing Up,84,C# Major,,,Anime,,2022,
723,TWISTED HEARTS,124,G Major,,,Anime,,2021,
724,Niji no Kakera,132,F Major,,,Anime,,,
730,Pleasure,86,C# Major,,,Anime,,2021,
734,Ta ga Tame,138,C Major,,,Anime,,2024,
735,Rurou no Katashiro,88.5,E Major,,,Anime,,2023,
737,Shinda!,122,C Major,,,Anime,,2023,
744,Eden through the,97.5,D# Major,,,Anime,,2021,
745,Rise Again,100,D Major,,,Anime,,2021,
747,ZOOM ZOOM,125,D# Major,,,Anime,,2023,
751,FIRST DROP,138,E Major,,,Anime,,2020,
754,Renai Nou,78,G Major,,,Anime,,2022,
767,LilaS,78,F Major,,,Anime,,2022,
771,EVERBLUE,135,B Major,,,Anime,,2021,
781,Real-Eyes,88,F# Major,,,Anime,,2022,
784,Whatever Happens,74.5,C# Major,,,Anime,,2024,
790,ALIVE,90,B Major,,,Anime,,2022,
791,Seishun wa Zankoku,118,E Major,,,Anime,,,
796,TOP,98,D Major,,,Anime,,,
799,Shirushi,72.5,C Major,,,Anime,Kemono Jihen,2021,
800,Flyers,139,B Major,,,Anime,,,
801,Amaryllis,145,C# Major,,,Anime,,2023,
802,Never the Fever!!,86,C Major,,,Anime,,2022,
803,Kirarirari,88.5,C Major,,,Anime,,2022,
808,first death,82,A# Major,,,Anime,,2022,
818,Tensei Shitara ken,100,G Major,,,Anime,,2022,
819,Guren no Yumiya,90.5,E Major,,,Anime,,,
823,SIN,83.5,C# Major,,,Anime,,2023,
826,Seven Doors,101.5,F Major,,,Anime,,,
831,WAKE UP HxEROS,80,A# Major,,,Anime,,2020,
832,Heaven's falling,108,B Major,,,Anime,,2022,
836,Futatsu no Kotoba,130,F# Major,,,Anime,,2024,
838,Yume no Ito,98,E Major,,,Anime,,2024,
839,"Itsuka no, Ikutsuka n",99,D# Major,,,Anime,,,
844,Face2,130,G Major,,,Anime,,2022,
845,Mahou no Kaze,121,A Major,,,Anime,,2021,
847,Shukuen,85.5,B Major,,,Anime,,2023,
848,Anytime Anywhere,82,E Major,,,Anime,,2023,
851,Here I Stand,130,G# Major,,,Anime,,2023,
854,Paradoxes,83,C# Major,,,Anime,,2024,
864,Orgel,88,G# Major,,,Anime,,2022,
867,Torch of Liberty,95,D# Major,,,Anime,,2020,
875, -toward the truth- ,82.5,D Major,,fripSide,Anime,Seraph of the End,2015,
899,S9aiR,113,A Major,,,Anime,,2023,
901,Hikari e,84.5,A Major,,FranChouChou,Anime,ZOMBIELAND SAGA,2018,
904,Sign,89,D Major,,,Anime,,,
907,One Room Adventure,95,C# Major,,,Anime,,2023,
909,IVE - WILL,123,A Major,,,Anime,,2024,
910,Renai Miri Film,128,C Major,,,Anime,,2023,
911,Leap of Faith,94,D Major,,,Anime,,2022,
912,STRIKE BACK,90,G# Major,,,Anime,,,
919,Kirameki,98,F# Major,,,Anime,,,
920,Shura ni Otoshite,88,F Major,,,Anime,,2024,
921,Clear,82,F Major,,,Anime,,2023,
927,halo,85,B Major,,,Anime,,2023,
930,Re'nai Circulation,120,E Major,,,Anime,,,
935,GA-TAN GO-TON,90,E Major,,,Anime,,2024,
936,Semisweet Afternoon,150,B Major,,,Anime,,2023,
938,Brave,98.5,G Major,,,Anime,,2024,
942,Akaku Somete S,101,E Major,,,Anime,,2024,
943,Akane Sasu,74,F# Major,,Aimer,Anime,Natsume's Book of Friends,2017,
952,101,70,F Major,,,Anime,,2021,
955,Kakehiki wa Poker,71.5,A Major,,,Anime,,2022,
965,OEDOEDO,80,C Major,,,Anime,,2024,
967,The Parade of Battler,91,F Major,,,Anime,,2024,
975,Arekore Drastic,105,B Major,,,Anime,,2022,
977,First Greeting,155,D# Major,,,Anime,,2023,
980,Polaris,95,D# Major,,,Anime,,,
983,Sumire,71,C# Major,,,Anime,,2022,
987,Zankoku Shangri-La,136,C# Major,,,Anime,,2021,
989,UP TO ME!,151,C Major,,,Anime,,2023,
991,Dear Shine Sky,120,D# Major,,,Anime,,2023,
993,Musical,146.6666,F Major,,,Anime,,2023,
1000,Be the HERO,92.4,D Major,,,Anime,,2022,
1002,Raiou,134,F Major,,,Anime,,2024,
1004,Akari,127,F Major,,,Anime,,2023,
1007,Suki ni Naccha Dame,94,C Major,,,Anime,,2023,
1008,Queens Bluff,131,G Major,,,Anime,,2022,
1009,Haruka Mirai,91,E Major,,,Anime,,,
1010,Marukoppa Tachi,135,D# Major,,,Anime,,2022,
1016,Trickster,143,G Major,,,Anime,,2023,
1017,Mahou,88,C# Major,,,Anime,,2021,
1018,Another colony,85,E Major,,TRUE,Anime,Kakuriyo: Bed & Breakfast for Spirits,2018,
1019,gudafuwa everyday,110,F Major,,,Anime,,2021,
1024,CLICK,135,A# Major,,,Anime,,,
1026,Danger Danger,103,G# Major,,,Anime,,2024,
1038,Role-Playing,132,D Major,,,Anime,,2021,
1039,Cinematic Parade,132,F Major,,,Anime,,2024,
1049,Fight Song,126,C# Major,,,Anime,,2022,
1050,Gotoubun no Kiseki,78,D# Major,,,Anime,,2022,
1051,Fantasista,71,A# Major,,,Anime,,2024,
1052,Kakuriyo,89.5,D Major,,,Anime,,2023,
1058,Bloodlines,79,D Major,,,Anime,,2021,
1059,Love-Evidence,128,F Major,,,Anime,,2022,
1063,Kimiiro no Kiseki,84,C# Major,,,Anime,,2024,
1068,On Your Way,120,D# Major,,,Anime,,2022,
1071,Ginsekai,92,B Major,,,Anime,,2021,
1074,Magokoro ni Kana,103,F# Major,,,Anime,,2021,
1075,Koi wo Shita no wa,82,F# Major,,Aiko,Anime,A Silent Voice,2016,
1079,NAME,91.5,C# Major,,,Anime,,2023,
1082,Sonna Koto Ura no,93,D Major,,,Anime,,,
1086,"Please, please!",90,F# Major,,,Anime,,2023,
1093,adrenaline!!!,134,G Major,,,Anime,,,
1097,MS - Identity,124,A Major,,,Anime,,,
1102,DAYS of DASH,80,A Major,,Konomi Suzuki,Anime,The Pet Girl of Sakurasou,2012,
1106,Cinderella,130,D Major,,,Anime,,2021,
1107,Zeitakuna saji,131,D# Major,,,Anime,,2023,
1113,Seishun no Enbu,89,C Major,,,Anime,,2021,
1117,Trust in you,95,C Major,,,Anime,,,
1118,I swear,84,C# Major,,Sweet ARMS,Anime,Date A Live II,2014,
1120,"Hello,world!",105.5,D Major,,,Anime,,,
1121,Hajimari no Setsuna,128,G Major,,,Anime,,2022,
1124,Himitsu Melody,87,C Major,,,Anime,,2023,
1128,No.6,73.5,F Major,,,Anime,,2021,
1135,Iro Kousui,74,G Major,,,Anime,,2021,
1137,Shinzou wo Sasageyo,80,A Major,,Linked Horizon,Anime,Attack on Titan: Season 2,2017,
1142,Plunderer,82,F Major,,Miku Itou,Anime,Plunderer,2020,
1146,Itsumo no You ni LOV,131,F Major,,,Anime,,,
1148,Daten,100,C# Major,,,Anime,,2022,
1160,Netsuretsu Love Call,136,C Major,,,Anime,,2023,
1163,The Warrior,93,F Major,,,Anime,,2022,
1165,Aozora no Rhapsody,135,G# Major,,,Anime,,,
1172,ViViD,102.5,A Major,,,Anime,,,
1173,FLY,86,C# Major,,,Anime,,2024,
1175,Brave Shine,85.5,G# Major,,Aimer,Anime,Fate/stay night: Unlimited Blade Works,2015,
1178,Ichizu,80,A Major,,,Anime,,2022,
1179,Raise Y/Our Hands!!,80,F Major,,,Anime,,2023,
1183,Hitamuki,94,F# Major,,,Anime,,2022,
1189,Snow Halation,86.5,A Major,,μ's,Anime,Love Live! School Idol Project,2010,
1197,Paranoid,150,G# Major,,,Anime,,2023,
1204,secret base,134,F# Major,,,Anime,,,
1205,Reason why XXX,83.5,F Major,,Sasaki Sayaka,Anime,"So, I Can't Play H!",2012,
1207,Shooting Star,118,F# Major,,,Anime,,2022,
1213,Hyper,130,G Major,,,Anime,,2023,
1214,D-TecnoLife,84.056,E Major,,UVERworld,Anime,Bleach,2005,
1217,Suki wo Oshiete,113,F# Major,,,Anime,,,
1218,ABC Taisou!,84.5,G# Major,,,Anime,,2021,
1220,Fukashigi no Karte,96,F Major,,,Anime,,,
1222,Kiyoharu - Slow,110,F# Major,,,Anime,,,
1224,My Secret,92,G# Major,,,Anime,,,
1227,BURN,132,E Major,,,Anime,,2021,
1228,Kanae - Tailwind,128,A Major,,,Anime,,2023,
1234,Ta ga Tame,91.5,B Major,,,Anime,,2023,
1237,Hikarakka,72,D# Major,,,Anime,,2024,
1251,Baby love! Baby,92,G Major,,,Anime,,2024,
1256,Never say Never,100,A Major,,,Anime,,2023,
1261,Shelter,100,C Major,,,Anime,,,
1271,Monochrome City,135,G Major,,,Anime,,2021,
1272,Identity,120,G# Major,,,Anime,,2021,
1273,Sora to Utsuro,104,G# Major,,,Anime,,2021,
1274,Scrap Art,162,C# Major,,,Anime,,2023,
1277,Orange,86,G Major,,7!!,Anime,Your Lie in April,2014,
1278,Kimi ni Todoke,126,A Major,,,Anime,,,
1283,Forever,126,F Major,,,Anime,,2021,
1285,Tin Toy Melody,72.5,G# Major,,,Anime,,2022,
1286,CHAINSAW BLOOD,73.5,G Major,,,Anime,,2022,
1290,Perfect-area Comple,91.5,D# Major,,,Anime,,,
1296,Dance in the Game,135,G# Major,,,Anime,,2022,
1297,VORTEX,128,E Major,,,Anime,,2023,
1305,"Feel You, Heal You",76.5,D# Major,,,Anime,,2022,
1309,ReBorn,85,C# Major,,,Anime,,2021,
1310,Alcor to Polaris,83,C Major,,,Anime,,2023,
1314,Bokura no Spectra,83,F Major,,,Anime,,2023,
1315,LOVE GOOD TIME,82.5,G# Major,,SpecialThanks,Anime,Wolf Girl and Black Prince,2014,
1317,On the Frontline,97,E Major,,,Anime,,2024,
1322,veil,75,D# Major,,Keina Suda,Anime,Fire Force,2019,
1325,KOI NO UTA,77,A Major,,Keiji Fujiwara,Anime,Tamako Love Story,2014,
1327,Perfect World!!,140,F Major,,,Anime,,2023,
1329,Blue Days,98,F Major,,,Anime,,2024,
1330,Bon Appetit S,76,F Major,,"Azumi Waki, Akari Kito, Anzu Haruno",Anime,Blend S,2017,
1338,FLY HIGH!!,94.5,B Major,,,Anime,,,
1339,Desire,95,E Major,,,Anime,,2020,
1346,GIRI GIRI,128,B Major,,,Anime,,2022,
1349,Play the world,88,C# Major,,,Anime,,,
1350,Momoiro Typhoon,83.5,G Major,,Luna Haruna,Anime,Yuuna and the Haunted Hot Springs,2018,
1354,ULTIMATE MAGIC,95,G# Major,,,Anime,,,
1356,Magic Writer,115,D# Major,,,Anime,,2023,
1363,poi,94,D Major,,,Anime,,2024,
1367,Minor Piece,73,G Major,,,Anime,,2024,
1372,Papersky,84.5,A# Major,,,Anime,,2022,
1374,Chase Me,130,D# Major,,,Anime,,2023,
1376,Jikai Yokoku,80,C Major,,,Anime,,2024,
1383,Reincarnate,105,C# Major,,,Anime,,2021,
1385,Yotogibanashi,92.5,D# Major,,,Anime,,2023,
1388,Inferno,92.5,E Major,,,Anime,,,
1389,Do or Die,70,C# Major,,,Anime,,2024,
1392,Julietta,122,F# Major,,,Anime,,2022,
1394,Killer Bars,71,D# Major,,,Anime,,2024,
1398,6-tsuko no Tamashii,70,A Major,,,Anime,,2021,
1408,Ashiato,82,A Major,,,Anime,,2021,
1409,Koko Kara Saki wa,95,B Major,,,Anime,,2021,
1410,Andante ni Koi wo,71,C Major,,,Anime,,2021,
1413,Kieru Made,90.5,A# Major,,,Anime,,2023,
1414,65535,150,A# Major,,,Anime,,2023,
1415,Ao no Sumika,152,C# Major,,,Anime,,2023,
1416,Happy Life,106,E Major,,,Anime,,2022,
1418,Sorairo Days,87,D Major,,,Anime,,,
1423,Naughty Love,81,C Major,,,Anime,,2021,
1430,Recipe,93,G Major,,,Anime,,,
1433,Haruka Kaluta,80,C Major,,,Anime,,2022,
1437,Resolution,97.5,G Major,,,Anime,,,
1441,Kenka,138.6666,C Major,,,Anime,,2023,
1445,BREAKING DAWN,124,C# Major,,,Anime,,2020,
1448,BLIZZARD,138,D Major,,,Anime,,2021,
1450,"Kyouran, Hey Kids!!",71,D# Major,,THE ORAL CIGARETTES,Anime,Noragami Aragoto,2014,
1458,Believe in you,92,F# Major,,,Anime,,2021,
1459,Knew day,75,D Major,,(k)NoW_NAME,Anime,"Grimgar, Ashes and Illusions",2016,
1472,Darling,86.5,D Major,,XX:me,Anime,Darling in the FranXX,2018,
1477,The Asterisk War,71.5,A# Major,,Shiena Nishizawa,Anime,The Asterisk War: Season 2,2016,
1478,Wonder Starter,93,G Major,,,Anime,,2022,
1481,Oarana,129,D Major,,,Anime,,2022,
1492,Time Left,70.5,C Major,,,Anime,,2022,
1496,QUESTION,88.5,A# Major,,,Anime,,,
1499,TIT FOR TAT,86.5,D Major,,MYTH & ROID,Anime,The Hero is Overpowered but Overly Cautious,2019,
1500,Kodo,92,F# Major,,,Anime,,2021,
1502,Seeking the truth,105,F Major,,,Anime,,2022,
1503,Habatake,94.5,G Major,,,Anime,,2024,
1505,MY STARWAY,139,D# Major,,,Anime,,2022,
1508,PrincexPrince,87.5,A# Major,,,Anime,,,
1510,No.1,90.5,C# Major,,,Anime,,2021,
1512,Koshaberi Byori,110,F# Major,,,Anime,,2022,
1514,Tomoshibi,90,A Major,,,Anime,,2023,
1516,Harumodoki,87,D Major,,nagi yanagi,Anime,My Teen Romantic Comedy SNAFU TOO!,2015,
1534,Real Diamond,150,F Major,,,Anime,,2023,
1535,dawn,92.5,G# Major,,,Anime,,2021,
1538,Prologue,136,E Major,,,Anime,,2022,
1540,"Tayutae, Nanairo",90,F# Major,,,Anime,,2021,
1544,WE ARE THE ONE,137,F Major,,,Anime,,2021,
1548,Hiten,130,C# Major,,,Anime,,2023,
1553,Shine In The Sky,85,E Major,,,Anime,,2023,
1557,Crack Crack Crackle,84,G# Major,,,Anime,,2023,
1561,Girlish Lover,82.5,G Major,,Mizukara wo Enshutsu Suru Otome no Kai,Anime,Oreshura,2013,
1564,yama - Oz.,76,G Major,,,Anime,,2021,
1566,Tomorrow's Diary,133,F Major,,,Anime,,2022,
1583,GAMERS!,93,F# Major,,,Anime,,,
1589,Daylight,83,B Major,,,Anime,,2022,
1591,Mission! Ken Kou Dai,93,A Major,,,Anime,,,
1593,Hengen Jizai,144,F Major,,,Anime,,2023,
1595,Jekyll & Hyde,82,A Major,,,Anime,,2023,
1596,ONE,84,D Major,,,Anime,,2022,
1603,fantastic dreamer,92.5,E Major,,,Anime,,,
1604,ANIMA,96.5,D# Major,,,Anime,,,
1605,IDEN TEI TEI MELT,155,C# Major,,,Anime,,2023,
1606,Otowa,71,C# Major,,,Anime,,2024,
1608,Koi no Hime Hime,89,G Major,,,Anime,,,
1611,Koimeguri,141,C# Major,,,Anime,,2023,
1612,Tetsu no Ori,114,F Major,,,Anime,,2023,
1616,Mellow,145,D# Major,,,Anime,,2023,
1621,Red fraction,71,G Major,,MELL,Anime,Black Lagoon,2006,
1623,Hakkin Disco,117,E Major,,,Anime,,,
1633,Nightholic,85,C# Major,,,Anime,,2022,
1636,harevutai,90,E Major,,,Anime,,2021,
1637,Bling-Bang-Bang-B,78.5,C Major,,,Anime,,2024,
1640,innocent arrogance,85,B Major,,,Anime,,2023,
1641,escalate,87.5,G# Major,,,Anime,,2023,
1642,forget-me-not,74,F Major,,ReoNa,Anime,Sword Art Online: Alicization,2019,
1646,Otome no Route wa,96,A# Major,,,Anime,,,
1656,Sugar Blood Kiss,104,C Major,,,Anime,,2024,
1659,Megumi no Ame,91,F# Major,,,Anime,,2020,
1661,WE WILL!!,87.5,E Major,,,Anime,,2022,
1662,Hikare Inochi,102,D Major,,,Anime,,2021,
1664,Esoragoto,92,D Major,,,Anime,,,
1667,Kami no Hotoke mo,135,D# Major,,,Anime,,2022,
1668,Balance KISS,85,E Major,,"Ayana Taketatsu, Yuiko Tatsumi",Anime,Kiss X Sis,2010,
1670,Lost Princess,75,A# Major,,,Anime,,2022,
1671,Unmei,73,F# Major,,,Anime,,2024,
1673,Tough Heart,93.5,F# Major,,,Anime,,2021,
1677,BROKEN IDENTITY,126,A# Major,,,Anime,,2022,
1678,Make Believe,95.5,F Major,,,Anime,,2022,
1685,3,130,E Major,,,Anime,,2022,
1688,bloom,110,C Major,,,Anime,,2023,
1693,Akeboshi,95,D# Major,,,Anime,,2021,
1698,FUN FUN Wonderful,72,G# Major,,,Anime,,2024,
1700,NEW DRAMA PARA,82,D Major,,,Anime,,2023,
1702,AYASHIKU Get your,92.5,A# Major,,,Anime,,2021,
1706,Change the World,89,G Major,,,Anime,,2022,
1709,Monochrome Kiss,75,D Major,,SID,Anime,Black Butler,2008,
1711,Super ultra I love you,90,D Major,,,Anime,,2024,
1717,Rally Go Round,95,A# Major,,,Anime,,,
1722,DIES IN NO TIME,125,A# Major,,,Anime,,2021,
1723,Pyramid Daigyakuten,90,F Major,,,Anime,,2021,
1724,Kaze no Oto Sae,105,D# Major,,,Anime,,2022,
1729,My Sweet Shelter,117,D# Major,,,Anime,,,
1733,Tiny Light,85,C Major,,,Anime,,2020,
1735,Sakura Mitsutsuki,89.5,D# Major,,,Anime,,,
1736,Happy End Princess,87,G Major,,,Anime,,2023,
1738,Maihime,130.5,C Major,,,Anime,,2023,
1741,Ai no Prison,95,B Major,,,Anime,,,
1742,dust,74,F Major,,,Anime,,2022,
1744,It's My Soul,97.5,A Major,,,Anime,,2023,
1746,Make Me Feel Better,100,G Major,,,Anime,,2022,
1751,Way to Go,152,C Major,,,Anime,,2023,
1752,Minikui Ikimono,97.5,D Major,,,Anime,,2021,
1758,Gift (Oishi),132,G Major,,,Anime,,2023,
1760,Daisuki dayo,82.5,G Major,,"Ai Kakuma, Nobuhiko Okamoto",Anime,Momokuri,2016,
1762,Laid Back Journey,122,C Major,,,Anime,,2024,
1764,HOLLOW HUNGER,80,B Major,,,Anime,,2022,
1768,Zero Centimeters,77,C# Major,,Yuiko Ohara,Anime,Teasing Master Takagi-san: Season 2,2019,
1773,cure,107.5,B Major,,,Anime,,2024,
1780,Tsumujikaze,99.3333,D Major,,,Anime,,,
1783,Analogy,136,D# Major,,,Anime,,2021,
1794,I Really Want To Stay,125,F# Major,,,Anime,,2022,
1795,The Everlasting Guilty,86,D Major,,EGOIST,Anime,Guilty Crown,2011,
1796,Kodoku no Saibou,144,E Major,,,Anime,,2023,
1798,Platinum 17,79.5,D# Major,,yozuca*,Anime,"So, I Can't Play H!",2012,
1814,99.9,84,F# Major,,MOB CHOIR feat. sajou no hana,Anime,Mob Psycho 100 II,2016,
1815,Seishun Complex,95,F Major,,,Anime,,2022,
1817,SHIORI,88,D Major,,,Anime,,,
1819,Deep down,79,G# Major,,,Anime,,2022,
1822,dawn of infinity,71.5,G# Major,,,Anime,,2022,
1823,Glorious Days,115.5,D Major,,,Anime,,2021,
1832,Colorful Dreams! CS!,92.5,A Major,,,Anime,,2022,
1834,Kurenazumu Yakuso,94,A# Major,,,Anime,,2022,
1838,Be My Friend!!!,72.5,A Major,,,Anime,,2022,
1842,A Walk,96,D Major,,,Anime,,2020,
1845,Oath,99,E Major,,,Anime,,2022,
1852,BUCCHIGIRE!,100,F Major,,,Anime,,2022,
1855,VOICE,92,G Major,,,Anime,,,
1857,Abracada-Boo,76,D Major,,,Anime,,2022,
1865,Different,105,G Major,,,Anime,,2021,
1882,Follow your arrows,88,G Major,,,Anime,,2024,
1883,Over Scientific!,128,D# Major,,,Anime,,2024,
1885,Watashi ga Warau,83,C# Major,,,Anime,,2023,
1889,Kyunrious,81.5,E Major,,,Anime,,2024,
1892,homura,76,D Major,,,Anime,,2020,
1898,Suki no Skill,128,D Major,,,Anime,,,
1901,SOMEONE ELSE,116.5,B Major,,,Anime,,,
1906,Koi no Yukue,70,F# Major,,,Anime,,2022,
1913,Nemophila,106,D# Major,,,Anime,,2021,
1920,Sen no Tsubasa,85,F# Major,,livetune adding Takuro Sugawara (from 9mm Parabellum Bullet),Anime,Re:Hamatora,2017,
1921,Nascent Sacrifice,140,C Major,,,Anime,,2023,
1923,Nimensei☆Uraomote,85,G Major,,Aimi Tanaka,Anime,Himouto! Umaru-chan: 2nd Season,2017,
1926,FAKEit,96,F# Major,,,Anime,,2023,
1928,Mixed Nuts,75,F# Major,,,Anime,,2022,
1929,Cobalt no Kodou,93.5,A# Major,,,Anime,,2021,
1932,Lover's Eye,85,G# Major,,,Anime,,2024,
1933,Unbeatable,102,G# Major,,,Anime,,2024,
1938,Kamisama Hajime,73,D Major,,Hanae,Anime,Kamisama Kiss,2012,
1948,SPARKLE,91,C Major,,,Anime,,2022,
1951,Annoying! Sunsun,70,F# Major,,,Anime,,2021,
1952,Beautiful Day,100,E Major,,,Anime,,2021,
1957,Kimi no Sei,86,C# Major,,,Anime,,2024,
1961,Tomorrow,134,F Major,,,Anime,,,
1966,Crossing Road,88,E Major,,,Anime,,2020,
1967,Hikari to Kaze,135,E Major,,,Anime,,2023,
1968,Catch The Moment,95,G Major,,,Anime,,,
1969,Paradox,96,D Major,,,Anime,,2023,
1973,Hazard Symbol,78,A# Major,,,Anime,,2024,
1974,Beyond Selves,124,F Major,,,Anime,,2022,
1981,MOTIVE RAIN,100,D# Major,,,Anime,,2023,
1984,Isekai Showtime,87,D# Major,,,Anime,,2020,
1989,Gotoubun no Kimochi,87.5,E Major,,,Anime,,,
1990,Akatsuki no Hana,70,D# Major,,Cyntia,Anime,Yona of the Dawn,2015,
1993,CATASTROPHE,108,G Major,,,Anime,,2022,
1995,OveR,99,F Major,,,Anime,,2022,
1997,Happy Encount,137,F# Major,,,Anime,,2022,
1999,May I Help You?,75,F# Major,,"Ai Kayano, Mai Nakahara, Aki Toyosaki",Anime,Servant x Service,2013,
2000,Step Up,75,D# Major,,,Anime,,2022,
2001,Shirushi,73,G# Major,,LiSA,Anime,Sword Art Online: Season 2,2016,
2003,Hikari no Nai Machi,97.5,G# Major,,,Anime,,2023,
2007,MY SADISTIC ADO,150,F# Major,,,Anime,,2023,
2008,INNOCENCE,91.5,E Major,,,Anime,,,
2011,Promenade,85.5,F# Major,,,Anime,,2024,
2016,Nisen-nen...,134,E Major,,,Anime,,2023,
2017,Another Birthday,72.5,C# Major,,,Anime,,2024,
2018,Chisana Kiseki,71,F# Major,,,Anime,,2021,
2019,Shinzou,95,G Major,,,Anime,,2022,
2020,PHOENIX PRAYER,83,D# Major,,,Anime,,2022,
2021,Sakayume,90,F# Major,,,Anime,,2022,
2023,Shiny Ray,91.5,D Major,,,Anime,,,
2028,Ah Yeah!,70,G# Major,,Sukima Switch,Anime,Haikyuu!! Season 2,2014,
2032,Seija no Koushin,79,D# Major,,,Anime,,2021,
2034,Black + White,96,D Major,,,Anime,,,
2035,Broken Games,160,D Major,,,Anime,,2023,
2036,ambiguous,89,F Major,,,Anime,,,
2038,I'm A Believer,97,C Major,,,Anime,,,
2040,Hikari,90.5,D# Major,,,Anime,,2022,
2045,MUSASHI,70.5,D# Major,,,Anime,,2021,
2046,3-pun 29-byou,101.5,D Major,,,Anime,,2021,
2048,Space Cat Big Bang,153,D Major,,,Anime,,2023,
2055,Kura Kura,94,D# Major,,,Anime,,2023,
2059,Kaibutsu,91,C Major,,,Anime,,2023,
2060,Kibou no Uta,88.5,B Major,,,Anime,,,
2062,mutual love,93,A Major,,,Anime,,2024,
2064,Haruka,134,A Major,,,Anime,,2023,
2067,Season,79.5,D# Major,,Alisa Takigawa,Anime,The Seven Deadly Sins,2015,
2071,TRUE STORY,96,C Major,,,Anime,,2023,
2073,unravel,135,A# Major,,,Anime,,,
2075,Dreaming Sound,86,G Major,,,Anime,,2021,
2086,EVOLVE,86,F# Major,,,Anime,,2024,
2089,Never Fear,124,A Major,,,Anime,,2023,
2092,History Maker,134,E Major,,,Anime,,,
2094,Prime number,138,C Major,,,Anime,,,
2097,Ai no Uta,96,A Major,,,Anime,,2023,
2111,SKETCH,94,C Major,,,Anime,,2022,
2119,STONE OCEAN,90,G Major,,,Anime,,2021,
2123,Musouteki Chronicle,92,E Major,,,Anime,,2022,
2124,FAITH,78,D# Major,,MADKID,Anime,The Rising of the Shield Hero: Season 2,2019,
2134,FROZEN MIDNIGHT,155,C Major,,,Anime,,2023,
2137,Realize,103,F Major,,,Anime,,,
2140,No.7,95,F# Major,,,Anime,,,
2142,Love Song,84,A# Major,,Iwami Manaka,Anime,Tada Never Falls in Love,2018,
2148,Ponpopopon,82.5,D Major,,,Anime,,2024,
2152,Hito Shibai,120,E Major,,,Anime,,2022,
2153,Evolution,100,A# Major,,,Anime,,2023,
2154,Tabi no Yukue,83.33,G# Major,,,Anime,,2024,
2155,Kimi to Revue,118,G# Major,,,Anime,,2023,
2157,LOVE INFINITY,128,G Major,,,Anime,,2023,
2158,Zen Zen Zense,95,B Major,,,Anime,,,
2159,FLOW - GOLD,72,D Major,,,Anime,,2022,
2160,Sincerely,72,D Major,,TRUE,Anime,Violet Evergarden,2018,
2173,Saigo no Kyojin,155,E Major,,,Anime,,2023,
2175,The Rumbling,72.5,D# Major,,,Anime,,2022,
2178,By My Darling,137,G Major,,,Anime,,2024,
2182,Gunjou Love theory,70,F Major,,,Anime,,2022,
2186,Kimi Janakya Dame,131,D Major,,,Anime,,,
2187,Demachiyanagi,85.5,D# Major,,,Anime,,2022,
2197,Fatima,89.5,E Major,,,Anime,,,
2199,Hikaru Toki,130,D Major,,,Anime,,2021,
2200,Into the Fire,132,G Major,,,Anime,,2024,
2203,I Am...,90,D Major,,,Anime,,2024,
2205,Rashisa,84,C Major,,SUPER BEAVER,Anime,Rashisa,2014,
2215,BRAVER,94,D Major,,,Anime,,,
2216,Chiisana Boukensha,79,C Major,,"Inori Minase, Sora Amamiya, Rie Takahashi",Anime,KONOSUBA: God's blessing on this wonderful world!,2016,
2217,START!! True dreams,89,F Major,,,Anime,,2021,
2220,Little Busters,75.5,E Major,,Rita,Anime,Little Busters!,2012,
2228,Pilot,100,D Major,,,Anime,,2022,
2232,Isshin Douta,135,A# Major,,,Anime,,2022,
2234,MYSTERIOUS,70,E Major,,,Anime,,2022,
2235,Hajimete wa zenbu,96,G# Major,,,Anime,,2024,
2238,Naite Iinda,130,D Major,,,Anime,,2023,
2240,Koukotsu Labyrinth,100,E Major,,,Anime,,2021,
2244,Overfly,134,G# Major,,,Anime,,,
2248,Kimi To Iu Shinhwa,88,E Major,,,Anime,,2020,
2251,Otome domo yo,86,E Major,,CHiCO with HoneyWorks,Anime,Kaguya-sama: Love is War,2019,
2253,Judgement,90,G Major,,,Anime,,2023,
2255,UNDER THE TREE,160,C Major,,,Anime,,2023,
2258,No Frontier,81,C Major,,,Anime,,2023,
2260,Tomadoi Recipe,85,G Major,,Mikakuning!,Anime,Engaged to the Unidentified,2014,
2265,abnormalize,80,A# Major,,Ling Tosite Sigure,Anime,Psycho-Pass,2012,
2266,Chime,77,A Major,,Ai Otsuka,Anime,Fruits Basket (2019),2019,
2273,Unraveling Love,114,G Major,,,Anime,,2023,
2275,TRISTAR (Remix),124,E Major,,,Anime,,2022,
2280,NEVER SAY GOODBYE,102,F# Major,,,Anime,,2022,
2289,Haru,102,D Major,,,Anime,,2024,
2290,Kaze Fukeba Tsukiyo no Hate ni,84,D# Major,,AOP,Anime,Tsugu Tsugumomo,2020,
2293,Bursty Greedy Spider,89,A Major,,,Anime,,2021,
2297,Refrain Boy,95,C# Major,,,Anime,,,
2300,Abyss,115,G# Major,,,Anime,,2024,
2318,Kago no Naka ni Tori,81,D Major,,,Anime,,2020,
2329,Move The Soul,120,G Major,,,Anime,,2022,
2333,Yasashii Kibou,79.5,G Major,,Saori Hayami,Anime,Snow White with the Red Hair,2015,
2335,URL,128,C Major,,,Anime,,2023,
2337,Anthlopos,91,C# Major,,,Anime,,2023,
2339,IGNITE,85.5,C Major,,Eir Aoi,Anime,Sword Art Online II,2014,
2343,Found & Lost,104,E Major,,,Anime,,,
2346,Chikatto Chika Chika,89,D Major,,,Anime,,,
2348,TRY-RY-RY,132,C# Major,,,Anime,,2023,
2354,Extra Revolution,96.5,B Major,,,Anime,,,
2356,Iris,129,C Major,,,Anime,,,
2362,New Challenger,91,B Major,,,Anime,,2021,
2372,Mimei no Kimi to,120,C# Major,,,Anime,,,
2376,Seize The Day,122,D# Major,,,Anime,,2021,
2377,Scrap & Build,128,G# Major,,,Anime,,2023,
2378,Lilac,75,A# Major,,,Anime,,2024,
2379,Kizuna no kiseki,85,A# Major,,,Anime,,2023,
2385,Nakimushi.,76,E Major,,Miku Sawai,Anime,You and Me.,2011,
2386,Rightfully,91,G# Major,,,Anime,,,
2388,LEVEL,88.5,D Major,,,Anime,,2022,
2390,Inochibi,152,G# Major,,,Anime,,2023,
2391,GO CRY GO,101,F Major,,,Anime,,,
2392,Uraomote Aquarium,75,G# Major,,,Anime,,2024,
2394,Entertainment,151,C Major,,,Anime,,2023,
2396,R.I.P.,96,G Major,,,Anime,,2023,
2398,Dramatic Market Ride,85.5,C Major,,Aya Suzaki,Anime,Tamako Market,2013,
2401,Nemuresareta Line,135,F Major,,,Anime,,2023,
2402,Wakaranai Ai,90,C# Major,,,Anime,,2024,
2404,Upside down Magic,90,F# Major,,,Anime,,2024,
2409,Now On Air,74,C# Major,,,Anime,,2024,
2420,Sora ni Utaeba,102,E Major,,,Anime,,,
2423,Kokoro Knock,115,D# Major,,,Anime,,,
2428,Kaika,88,A Major,,,Anime,,2022,
2431,Eien no Aria,82,A Major,,,Anime,,2021,
2435,Kigeki,88,E Major,,,Anime,,2022,
2439,Welcome to Chaos!,92.5,E Major,,,Anime,,,
2440,Eclipse,90,B Major,,,Anime,,2022,
2442,Can Do,100,E Major,,,Anime,,,
2448,Glitter,110,D# Major,,,Anime,,2022,
2461,Umi to Shinjuu,83,D# Major,,,Anime,,2021,
2470,Centimeter,70,D Major,,,Anime,,2020,
2474,Dream of Life,77,A Major,,Shohei Itou,Anime,Bakuman.: Season 2,2011,
2478,Ashita no Kimi sae Ire,89,F Major,,,Anime,,,
2484,Itsuka Sekai ga,70,C Major,,Iida Riho,Anime,Boarding School Juliet,2018,
2488,Ready To,73.5,F Major,,Sumire Morohoshi,Anime,BNA: Brand New Animal,2020,
2489,delete,96.5,D# Major,,,Anime,,,
2495,Shingan,135,D Major,,,Anime,,2022,
2498,Eiyuu no Uta,70,C Major,,,Anime,,2022,
2499,Great Days,85,F# Major,,"Karen Aoki, Daisuke Hasegawa",Anime,JoJo's Bizarre Adventure: Diamond is Unbreakable,2016,
2502,Kemonomichi,130,C Major,,,Anime,,2021,
2504,Q&A,87,A Major,,"Marina Inoue, Saeko Zougou",Anime,Date A Live II,2014,
2513,Kanashii Ureshii,71,F Major,,frederic,Anime,Love & Lies,2017,
2516,No More Time Machine,137,F Major,,,Anime,,,
2519,New story,82.5,G Major,,,Anime,,2021,
2523,"Tsukamaete, Konya.",138,G# Major,,,Anime,,2022,
2529,NEW ERA,87.5,D# Major,,,Anime,,2020,
2536,Never Say Never,128,A# Major,,,Anime,,,
2540,DADDY DADDY DO,138,B Major,,,Anime,,,
2542,Hana no Youni,78,D Major,,,Anime,,2023,
2548,PINK BLOOD,100,F# Major,,,Anime,,2021,
2549,Jellyfish na Kimi e,86,E Major,,,Anime,,2022,
2551,Sudachi no Uta,96,D# Major,,,Anime,,2021,
2554,Moonlight Walk,95,G# Major,,,Anime,,2021,
2555,BLACK&WHITE,101.5,F Major,,,Anime,,2022,
2557,Rat a Tat!!!,96,G Major,,,Anime,,2023,
2562,Caste Room,78,C# Major,,ZAQ,Anime,Classroom of the Elite,2017,
2565,Ai no Supreme!,135,F Major,,,Anime,,2021,
2566,STAY FREE,92,E Major,,,Anime,,2023,
2568,Your Name,120,F Major,,,Anime,,2022,
2570,Cry Baby,100,F Major,,,Anime,,2021,
2572,Hashire!,96.5,E Major,,,Anime,,2021,
2574,Scar,96.5,C# Major,,,Anime,,2022,
2581,Hope,70,G Major,,Namie Amuro,Anime,One Piece,2017,
2582,Nakayoshi!,124,F Major,,,Anime,,2020,
2589,Tentou,98.5,D# Major,,,Anime,,2022,
2593,ReCoda,70.5,F# Major,,,Anime,,2024,
2599,Mukanjyo,95,G Major,,,Anime,,,
2605,Hadaka no Yuusha,81.5,C Major,,,Anime,,2022,
2608,Ichigo Ichie,72.5,D# Major,,,Anime,,2022,
2609,Kimi ni Aeta Hi,129,A Major,,,Anime,,2020,
2610,Beyond,85,A# Major,,,Anime,,2023,
2615,Diamond Clarity,80,A Major,,,Anime,,2020,
2618,RAYTRACER,150,D# Major,,,Anime,,2023,
2626,Daitan,87,C# Major,,,Anime,,2024,
2627,Sugar Doughnuts,133,C# Major,,,Anime,,2023,
2630,Windshifter,91,G Major,,,Anime,,2024,
2636,HELLO to DREAM,80,F# Major,,Yuka Iguchi,Anime,Is It Wrong to Try to Pick Up Girls in a Dungeon?: Season 2,2019,
2648,PARADOX,83,G# Major,,Sora Amamiya,Anime,"Science Fell in Love, So I Tried to Prove It",2020,
2650,Hana ni Bourei,90,E Major,,,Anime,,,
2652,Let Me Hear,92,A Major,,,Anime,,,
2654,Clattanoia,95,A# Major,,,Anime,,,
2658,EVERYBODY!,73.5,G Major,,,Anime,,2021,
2663,Sangenshoku,100,A Major,,,Anime,,,
2666,Red Criminal,96,E Major,,,Anime,,2021,
2671,Hikaru Nara,80,A Major,,Goose house,Anime,Your Lie in April,2014,
2672,Utopia,102.5,D Major,,,Anime,,2024,
2673,Masayume Chasing,129,A# Major,,,Anime,,,
2674,Surprise,105,D Major,,,Anime,,2023,
2677,TOKUMEI-KIBOU,105,D# Major,,,Anime,,2024,
2679,Hi no Tsuki,70,A# Major,,,Anime,,2021,
2684,Tobira wo Aketara,111,G Major,,,Anime,,2021,
2687,POP TEAM EPIC,71,F# Major,,Sumire Uesaka,Anime,Pop Team Epic,2018,
2690,Soul Galaxy,150,D Major,,,Anime,,2023,
2701,SPARKLES,80,D Major,,,Anime,,2022,
2706,Dango Daikazoku,100,G# Major,,,Anime,,,
2716,ebb and flow,106,D# Major,,,Anime,,,
2721,Skyreach,92,F Major,,,Anime,,,
2722,Onegai Muscle,132,G# Major,,,Anime,,,
2725,Uuuuus!,91,G Major,,,Anime,,2024,
2731,This game,73.5,E Major,,Konomi Suzuki,Anime,"No Game, No Life",2014,
2734,Anata no Soba ni,125,D Major,,,Anime,,2023,
2738,Bouken Desho Desho?,75,E Major,,Aya Hirano,Anime,The Disappearance of Haruhi Suzumiya,2010,
2741,Chronos,100,A# Major,,,Anime,,,
2754,Howling,100,F Major,,,Anime,,,
2760,Yobigoe,108,G Major,,,Anime,,2024,
2761,PEACEKEEPER,100,A# Major,,,Anime,,2024,
2769,REALIZE,145,F Major,,,Anime,,2023,
2784,Shiranakya,132,G# Major,,,Anime,,2022,
2785,Stories,88.5,D Major,,,Anime,,,
2789,HELP,115,E Major,,,Anime,,2023,
2790,YESTERDAY,130,F# Major,,,Anime,,,
2795,Re: Re:,77.5,E Major,,ASIAN KUNG-FU GENERATION,Anime,ERASED: Boku dake ga Inai Machi,2016,
2798,Absolute Soul,94,F# Major,,,Anime,,,
2800,Hito Nanda,91.5,D Major,,,Anime,,2022,
2804,THE POLiCY,126,A Major,,,Anime,,2021,
2808,Mabataki,115,E Major,,,Anime,,2022,
2812,"Fantasy ""To!""",88.5,G Major,,,Anime,,2022,
2813,Who said we are i?,125,A Major,,,Anime,,2022,
2818,Wanna Go Home,91,C Major,,,Anime,,,
2824,...and Rescue Me,129,G Major,,,Anime,,2023,
2831,Force,132,A Major,,,Anime,,2021,
2836,Prove,111,C Major,,,Anime,,2023,
2839,Sun is Coming Up,104,F# Major,,,Anime,,2022,
2840,slash,108,G# Major,,,Anime,,2023,
2842,BRAVE MAKER,90,B Major,,,Anime,,2022,
2844,DEAREST DROP,73,F# Major,,Azusa Tadokoro,Anime,WorldEnd: What do you do at the end of the world?,2017,
2848,Connect,87.5,D# Major,,,Anime,,,
2865,Taiga ya Tomo ni,87,C Major,,,Anime,,2021,
2888,Down Timer,157,C# Major,,,Anime,,2023,
2889,Irodori,95.5,A# Major,,,Anime,,2024,
2913,Mushin Pakusu,97.5,D# Major,,,Anime,,2022,
2914,Take Off,132,E Major,,,Anime,,,
2916,Chaos ga Kiwamaru,97.5,F Major,,,Anime,,2022,
2917,Loop-the-Loop,76.5,E Major,,KOTOKO,Anime,Motto To Love-Ru,2010,
2919,Cotton Days,86,B Major,,,Anime,,2024,
2920,keep weaving your,104,F# Major,,,Anime,,2021,
2922,Button,91,C Major,,,Anime,,,
2923,Eye's Sentry,118,F# Major,,,Anime,,2024,
2925,Kamigami,120,G# Major,,,Anime,,2021,
2926,Hare Nochi Hallelujah,102.5,A Major,,,Anime,,2023,
2932,DREAMIN' ON,85,D# Major,,,Anime,,2020,
2937,Ignition!!!,83.5,E Major,,,Anime,,2022,
2950,Hoshi ga Oyogu,95,C Major,,,Anime,,2022,
2951,alexithymiaspare,152,G# Major,,,Anime,,2023,
2952,Brand new diary,90,G Major,,,Anime,,2021,
2962,Kimi + Nazo + Watashi de JUMP!!,85,D Major,,Larval Stage Planning,Anime,Baka & Test: Summon the Beasts,2011,
2964,Shinkirou,80,G Major,,,Anime,,2022,
2967,Professionalism,123,C Major,,,Anime,,2024,
2973,Paradise,80.5,D Major,,,Anime,,2021,
2975,AO 100 SYOKU,120,A# Major,,,Anime,,2022,
2977,Love You Tender,82,G Major,,,Anime,,2023,
2979,Kimi to no Mirai,87.5,G# Major,,,Anime,,2023,
2980,"Aimasa, Koufukuron",81.5,C Major,,,Anime,,2022,
2982,Meguru Mono,86.5,C# Major,,Takuma Terashima,Anime,That Time I Got Reincarnated as a Slime,2019,
2985,u/n,92,F Major,,,Anime,,,
2988,Love Dramatic,129,E Major,,,Anime,,,
2992,Haru Tsubame,71.5,D Major,,,Anime,,2022,
2993,Cheers! Depapre,91,C Major,,,Anime,,2022,
2996,"Baby Sweet, Berry",85,A Major,,Yui Ogura,Anime,"The ""Hentai"" Prince and the Stony Cat.",2013,
2997,Highlight Highlight,126,A# Major,,,Anime,,2022,
3005,EXIST,70,D# Major,,,Anime,,2021,
3011,Departures (Anata ni Okuru Ai no Uta),72,D Major,,EGOIST,Anime,Guilty Crown,2011,
3014,PSYCHO-LOGY,72,F Major,,,Anime,,2022,
3019,In the Backroom,84.5,A Major,,,Anime,,2022,
3022,Kyoumei,137,D Major,,,Anime,,2022,
3023,Touch of Hope,111,G# Major,,,Anime,,2022,
3030,Carnation,122,A# Major,,,Anime,,,
3031,Chasing the Dream,132,F Major,,,Anime,,2022,
3033,MUGEN,135,C# Major,,,Anime,,2024,
3039,My War,72,E Major,,,Anime,,2021,
3044,Accelerate,126,F Major,,,Anime,,2023,
3050,Unknown no Shikisai,81.5,D Major,,,Anime,,2023,
3051,Fly High,80,C# Major,,,Anime,,2022,
3059,Believe it leap,81.5,F Major,,,Anime,,2023,
3060,Red Liberation,88.75,C Major,,,Anime,,2023,
3062,Maou,88,A# Major,,,Anime,,2024,
3064,Knock Out,90,B Major,,,Anime,,2023,
3068,MAGICAL DESTROY,105,B Major,,,Anime,,2023,
3071,Uraomote Fortune,132,D# Major,,,Anime,,,
3077,Ashita no Hikari,120,B Major,,,Anime,,,
3083,Wild Side,134,D# Major,,,Anime,,,
3084,Daydream Believer,129,C# Major,,,Anime,,2022,
3085,Nippon Egao Hyakk,80,D# Major,,Momoiro Clover Z,Anime,Joshiraku,2012,
3089,Mephisto,150,F Major,,,Anime,,2023,
3093,Wareta Ringo,120,G Major,,,Anime,,,
3096,Aruite Ikou,97,F Major,,,Anime,,,
3097,Ring of Fortune,79,D# Major,,Eri Sasaki,Anime,Plastic Memories,2015,
3099,Koko de Ikiteru,95,A Major,,,Anime,,2021,
3101,1000-nen Ai,95,G Major,,,Anime,,2023,
3107,Love? Reason why!!,137,B Major,,,Anime,,2022,
3111,Eien no Labyrinth,84,G Major,,Aoi Yuuki,Anime,My Girlfriend is ShoBitch,2017,
3112,Adabana Necromancy,86,D# Major,,FranChouChou,Anime,ZOMBIELAND SAGA,2018,
3118,WORK,105,C# Major,,,Anime,,2023,
3120,Break out,92.5,D Major,,,Anime,,2022,
3124,DAY1,141,G Major,,,Anime,,2023,
3135,I Wanna Be…,126,C# Major,,,Anime,,,
3136,Growing Up,95,F Major,,,Anime,,2024,
3138,Kurae! Telepathy,92,G# Major,,,Anime,,2023,
3139,Ashita Kitto,129,F# Major,,,Anime,,2021,
3141,Touch Off,100,G Major,,,Anime,,,
3146,LEADER,90,G Major,,,Anime,,2021,
3147,Aiue,83.5,G Major,,,Anime,,2022,
3150,Winding Road,132,D Major,,,Anime,,,
3155,Daidaidaidaisuki,96,F# Major,,,Anime,,2023,
3156,RISE,82.5,D Major,,MADKID,Anime,The Rising of the Shield Hero,2019,
3159,Tsuki ga Kirei,73,F Major,,Nao Touyama,Anime,"As The Moon, So Beautiful",2017,
3164,believer,126,A# Major,,,Anime,,2024,
3166,Iwanai kedo ne,115,G# Major,,,Anime,,,
3167,DICE,82.5,C# Major,,,Anime,,2021,
3169,Ashita no Hanatachi,89,C Major,,,Anime,,2021,
3170,Libra,96,G# Major,,,Anime,,,
3172,RAYS,86,G Major,,,Anime,,2023,
3175,Koi wa Explosion,74,D# Major,,,Anime,,2022,
3177,Burst the Gravity,74,E Major,,ALTIMA ,Anime,Accel World,2012,
3184,Hyadain no Kakakata,90,F Major,,,Anime,,,
3187,Shikisai,117,F Major,,,Anime,,2022,
3203,Koisekai,85,F# Major,,,Anime,,2023,
3204,Hate no Nai Tabi,116,A# Major,,,Anime,,2024,
3212,Akatsuki no Salary,89,A Major,,,Anime,,2022,
3221,1 SEPTILLION LOVE,137,E Major,,,Anime,,2022,
3222,Q&A Recital!,91,G Major,,,Anime,,,
3225,HEROES,99,D Major,,,Anime,,,
3233,Yasashisa no Riyuu,88.5,F# Major,,,Anime,,,
3236,Cherish,87.5,F# Major,,,Anime,,2022,
3247,database,88.5,F Major,,,Anime,,,
3248,NewGame,75,G Major,,,Anime,,2024,
3255,Open the GATE,90,F Major,,,Anime,,2021,
3256,Inferno (Promare),125,E Major,,,Anime,,,
3259,Song of the Dead,84.5,A Major,,,Anime,,2023,
3260,Koko de Iki wo Shite,107,G# Major,,,Anime,,2021,
3261,Peace Sign,100,D# Major,,,Anime,,,
3262,Special days,72.5,E Major,,"Hitomi Nabatame, Yuuko Gotou, Ayahi Takagaki",Anime,Special A,2008,
3263,Extra Magic Hour,90,C Major,,,Anime,,,
3264,Kien Romance,103,C# Major,,,Anime,,2023,
3271,Grand Escape,73,E Major,,RADWIMPS,Anime,Weathering With You,2019,
3277,"Zattou, Bokura",85.44,G Major,,,Anime,,2024,
3283,Magic Words,75,D Major,,Liyuu,Anime,Hatena Illusion,2020,
3284,Kaen,85,D Major,,Ziyoou-vachi,Anime,Dororo,2019,
3287,Kimi no Tonari,135,F Major,,,Anime,,,
3288,Gyakuten geki,86,G Major,,,Anime,,2023,
3292,JUST DO IT,90,C# Major,,,Anime,,2022,
3296,Mienai kara ne?!,74,D Major,,,Anime,,2021,
3299,Turn the World,86,D Major,,,Anime,,2024,
3306,I can fly,82.5,F Major,,,Anime,,2022,
3307,HYSTERIC CARAVAN,124,C# Major,,,Anime,,2023,
3310,Muchuu no Saki e,83.5,A Major,,,Anime,,2021,
3312,FACTION,95,A Major,,,Anime,,2021,
3315,Inochi no Tomoshibi,90,A# Major,,,Anime,,2021,
3321,Koi! Koi! Koi!,95,E Major,,,Anime,,2023,
3327,Tick-Tock,125,G# Major,,,Anime,,2022,
3345,Rob the Frontier,110,F Major,,,Anime,,,
3349,Valkyrie Ikusa Otome,97.5,G Major,,,Anime,,,
3355,Kyorikan,110,F Major,,,Anime,,2022,
3357,SEIEN,97,F Major,,,Anime,,2023,
3361,PHOENIX,137,C Major,,,Anime,,,
3374,ROMA☆KIRA,91.5,B Major,,,Anime,,2022,
3375,Miraikei Answer,83,A# Major,,TRUSTRICK,Anime,My Love Story!!,2015,
3382,Gekkouyoku,94,E Major,,,Anime,,2023,
3383,Reversal,98.5,A Major,,,Anime,,2024,
3391,Hajimaru Welcome,71,D# Major,,,Anime,,2022,
3412,Sakura Kiss,83,D Major,,Chieko Kawabe,Anime,Ouran High School Host Club,2006,
3418,Sentimental Crisis,83.5,C Major,,halca,Anime,Kaguya-sama: Love is War,2019,
3419,Detarame na Minus to Plus ni Okeru Blend Ko,82,C Major,,BLEND-A,Anime,Blend S,2017,
3429,Shouted Serenade,96,G# Major,,,Anime,,2024,
3430,Magic x Color,90,C Major,,,Anime,,2022,
3435,Bibitto Love,77.5,G# Major,,,Anime,,2022,
3436,HIGHEST,90,D# Major,,,Anime,,2022,
3443,Kaze no Uta,71,E Major,,FLOW,Anime,Tales of Zestiria the X,2016,
3447,VORACITY,100,B Major,,,Anime,,,
3449,Warauna!,96,A# Major,,,Anime,,2023,
3457,KAKUSHINTEKI,139,G Major,,,Anime,,,
3461,Break it down,98.5,D Major,,,Anime,,2022,
3462,Itsu Aetara,140,A# Major,,,Anime,,2023,
3463,ikenai fool logic,115,E Major,,,Anime,,2023,
3466,ray,75,G Major,,,Anime,,2022,
3471,Good Morning World,95.5,C Major,,,Anime,,,
3472,Koyoi mofumofu!!,103,E Major,,,Anime,,,
3476,Hero Too,97.5,D# Major,,,Anime,,2020,
3479,Gradation,145,F# Major,,,Anime,,2023,
3482,Sekai wo Inuite,102,G# Major,,,Anime,,2024,
3489,Tatoeba Sore wa,76,G Major,,,Anime,,2021,
3492,Heart wa Oteage,78.5,F Major,,,Anime,,2022,
3504,Good Morning (New),92,C Major,,,Anime,,2022,
3510,I Wanna Muchuu,158,C Major,,,Anime,,2023,
3511,Zenryoku Joshi,85,D Major,,,Anime,,2024,
3516,Kessen Spirit,94,D# Major,,,Anime,,,
3517,Midnight Dancer,137,B Major,,,Anime,,2022,
3518,VIVID VICE,92,F Major,,,Anime,,2021,
3521,Melodic Road Movie,102.5,G# Major,,,Anime,,2022,
3523,Sen,97.5,C Major,,,Anime,,2023,
3525,Hohoemi no Oto,75,G Major,,,Anime,,2024,
3529,BLAZE,98,F Major,,,Anime,,2022,
3530,Mujikaku no Tensai,90,C Major,,,Anime,,2022,
3531,BAD CANDY,124,G# Major,,,Anime,,2022,
3545,HELLO HORIZON,85,G Major,,,Anime,,2021,
3548,Chase the core,75,C Major,,,Anime,,2021,
3550,One Reason,109,D Major,,,Anime,,,
3556,Against.,73,E Major,,,Anime,,2020,
3561,Paradisus-Paradoxum,100.5,C Major,,,Anime,,,
3564,COOLEST,94,G Major,,,Anime,,,
3569,story,110,G Major,,,Anime,,2022,
3573,Storyteller,96,D# Major,,,Anime,,2021,
3578,Soshite minna no,105.5,F Major,,,Anime,,2023,
3580,Seikai Fuseikai,103,G# Major,,,Anime,,,
3588,RECONNECTION,82.5,F Major,,,Anime,,2023,
3590,over and over,91.5,C Major,,,Anime,,,
3593,Wagamama,110,G Major,,,Anime,,,
3596,NAMELY,105,A# Major,,,Anime,,2021,
3597,my star,120,E Major,,,Anime,,2023,
3599,The Beast,140,E Major,,,Anime,,2023,
3603,The story so far,87.5,G# Major,,,Anime,,2023,
3610,Massugu,77.5,G Major,,,Anime,,2022,
3615,Here,108,F# Major,,,Anime,,,
3617,TRUE FOOL LOVE,104,D Major,,,Anime,,2022,
3620,Love is Show,70.5,E Major,,,Anime,,2022,
3621,Snow fairy,106,E Major,,,Anime,,,
3623,Special Force,90,C# Major,,,Anime,,2022,
3625,YURA YURA,97,F Major,,,Anime,,2021,
3634,Get up! Shout!,103,D# Major,,,Anime,,2021,
3639,Seishun Kippu,74,F Major,,,Anime,,2022,
3641,Serment,106,F Major,,,Anime,,,
3642,Tenkuu Cafeteria,77,B Major,,,Anime,,2020,
3644,Kiss Me,96,E Major,,,Anime,,,
3645,Treasure Pleasure,135,C Major,,,Anime,,2021,
3648,WAGAMAMA Mirror,90.5,G# Major,,,Anime,,,
3654,Kaikai Kitan,92.5,A# Major,,,Anime,,2020,
3659,DELICIOUS HAPPY,133,G# Major,,,Anime,,2022,
3661,Nai Nai,130,G# Major,,,Anime,,2021,
3673,Soul salvation,72.5,D# Major,,,Anime,,2021,
3676,Deep in Abyss,135,F# Major,,,Anime,,,
3679,Tabibito no Uta,91.33,F# Major,,,Anime,,2021,
3681,Above your hand,83,G# Major,,Annabel,Anime,Sankarea,2012,
3684,EGOIST - Gold,80,C Major,,,Anime,,2022,
3689,Sense,102.5,G Major,,,Anime,,2021,
3694,Bloody Power Fame,77.5,F# Major,,,Anime,,2022,
3698,One day,89,B Major,,,Anime,,,
3706,Daisuki.,138,E Major,,,Anime,,,
3707,HONEY,85,D# Major,,,Anime,,2023,
3712,Fireworks,96,F# Major,,,Anime,,,
3715,Slide Run,102,C Major,,,Anime,,,
3716,Tokimeki Rendezvous,100,D# Major,,,Anime,,2022,
3719,Shall We Dance?,117.25,F Major,,,Anime,,2022,
3720,Theater of Life,99,D Major,,,Anime,,,
3725,Heart,91.5,C Major,,,Anime,,2024,
3728,Gifu ni ted,75,D Major,,,Anime,,2024,
3729,MACHINEGUN,94,E Major,,,Anime,,2021,
3732,Kaze ni Fukarete,90,D# Major,,,Anime,,,
3745,KICK BACK,102,E Major,,,Anime,,2022,
3751,Imperfect,87,F Major,,,Anime,,2021,
3752,PUPPET'S,125,D# Major,,,Anime,,2021,
3755,Eclipse,97.5,E Major,,,Anime,,2021,
3756,Gorgeous 4U,90,F Major,,,Anime,,,
3757,Dekoboko,91,G Major,,,Anime,,2022,
3758,sunlight avenue,136,C Major,,,Anime,,,
3760,THE HERO!!,130,D Major,,,Anime,,,
3772,Everything Goes On,78.5,G Major,,,Anime,,2022,
3773,mirAI wave!,93,A Major,,,Anime,,2023,
3779,Kaze ga Fuku Machi,99,C# Major,,,Anime,,,
3781,Lady Go,136,A Major,,,Anime,,2021,
3782,RUDE LOSE DANCE,151,A Major,,,Anime,,2023,
3784,Glorious World,87,D Major,,,Anime,,2023,
3785,Jiriki Hongan Revolut,90,F Major,,,Anime,,,
3795,Girigiri Ride it out,120,G Major,,,Anime,,2022,
3798,Seimei no Aria,114.66,G# Major,,,Anime,,2021,
3799,Stardust Memory,125,G Major,,,Anime,,2024,
3801,Period,127,G Major,,,Anime,,,
3802,SURVIVE,92.5,F# Major,,,Anime,,2023,
3803,plan,116,D# Major,,,Anime,,2023,
3806,Yuuri - Infinity,89,G Major,,,Anime,,2021,
3814,ENISHI,80,F Major,,,Anime,,2022,
3820,Hikari Are,123,A Major,,,Anime,,2021,
3824,Hello shooting star,80,D Major,,Moumoon,Anime,Assassination Classroom,2015,
3825,the WORLD,95,D Major,,,Anime,,,
3828,Kyoukansarenakute,77.5,C# Major,,,Anime,,2022,
3830,silky heart,135,B Major,,,Anime,,,
3833,Kitakaze,90,E Major,,,Anime,,2023,
3835,Todome no Ichigeki,100,C# Major,,,Anime,,2023,
3837,ODD FUTURE,128,D# Major,,,Anime,,,
3839,Senryakuteki de,98.5,G Major,,,Anime,,2021,
3840,SPLASH FREE,128,D Major,,,Anime,,,
3847,DADDY! DADDY! DO!,138,B Major,,,Anime,,2020,
3848,Blue Bird,76,A Major,,Ikimono-gakari,Anime,Naruto Shippuden,2008,
3849,BELIEVE MYSELF,84.5,G# Major,,,Anime,,2021,
3850,Yume wo Kakeru,97.5,F Major,,,Anime,,2021,
3851,Isekai Girls Talk,85,G# Major,,"Yumi Hara, Sora Amamiya, Rie Takahashi, Aoi Yuuki",Anime,Isekai Quartet,2019,
3854,STARS,82.5,F# Major,,,Anime,,2023,
3855,PLANETARIA,83.5,C Major,,,Anime,,2023,
3856,Ano Hi no Kotoba,74,D# Major,,,Anime,,2022,
3857,Hey World,90,B Major,,,Anime,,,
3869,Honey Jet Coaster,87.5,B Major,,,Anime,,2022,
3879,Ren ai shi ma sen ka,72.5,G# Major,,,Anime,,2022,
3880,Usotsuki,145,G# Major,,,Anime,,2023,
3882,Date A Live,89,F Major,,,Anime,,,
3883,Runaway World,87,C Major,,,Anime,,2023,
3884,Star Maker,134,E Major,,,Anime,,,
3887,Everlasting Shine,127,A# Major,,,Anime,,,
3891,Chance and Revenge,79,F# Major,,,Anime,,2021,
3892,RAISE INSIGHT,92.5,C Major,,,Anime,,2023,
3896,White Noise,143,D# Major,,,Anime,,2023,
3897,Bye Bye,130,G Major,,,Anime,,,
3901,THE DAY,93,E Major,,,Anime,,,
3904,COOLISH WALK,121,E Major,,,Anime,,,
3905,Yajirushi,84,D# Major,,,Anime,,2022,
3911,Let's ZING!,73,G# Major,,,Anime,,2022,
3916,Otomodachi Film,79,D Major,,Masayoshi Oishi,Anime,Tada Never Falls in Love,2018,
3917,Korekara mo Gotobun,104,D# Major,,,Anime,,,
3918,Winner Win!,80.5,A Major,,,Anime,,2023,
3919,IMMORTAL,133,E Major,,,Anime,,2024,
3920,Wonderful Precure!,87,G Major,,,Anime,,2024,
3921,Asayake no Starmine,130,G Major,,,Anime,,,
3923,LEMONADE,124,E Major,,,Anime,,2022,
3929,Action,95,B Major,,,Anime,,2023,
3931,Nero,93,F# Major,,,Anime,,2023,
3943,As One,128,G Major,,,Anime,,2023,
3945,Namae no nai,90,D# Major,,,Anime,,,
3950,Memento,125,C Major,,,Anime,,2020,
3956,Venus Line,71,A# Major,,,Anime,,2022,
3960,Mukaikaze,82,F Major,,YOHKO,Anime,Maoyuu Maou Yuusha,2013,
3962,Alive,75,C Major,,,Anime,,2022,
3978,WHITE ALBUM,100,G Major,,,Anime,,,
3984,Endeavor,85,D Major,,,Anime,,2021,
3989,ADRENALIZED,70,F Major,,,Anime,,2024,
3992,Daydream Café,75,D# Major,,Petit Rabbit's,Anime,Is the Order a Rabbit?,2014,
3993,kaleido proud fiesta,92,D# Major,,,Anime,,2022,
3997,ROAR,98.5,C# Major,,,Anime,,2023,
4003,Deneb and Spica,90,E Major,,,Anime,,2022,
4004,My dream girls,89.5,F Major,,,Anime,,2024,
4006,Hanarenai Kyori,122,E Major,,,Anime,,2022,
4011,Rising Hope,95,G# Major,,,Anime,,,
4021,New frame,82,F Major,,,Anime,,2023,
4025,ENDLESS LABYRINTH,94,F# Major,,,Anime,,2023,
4034,Nani ga warui,122,C Major,,,Anime,,2022,
4037,Kudaranee na,79,G Major,,,Anime,,2022,
4040,Hacking To The Gate,80.5,F Major,,Kanako Itou,Anime,Steins;Gate,2011,
4042,Say My Name,105,C Major,,,Anime,,2023,
4043,Kimi Yume Tsuretekit,135,F Major,,,Anime,,,
4048,Kyoumen no Nami,87.5,A# Major,,,Anime,,,
4055,The Peak,132,B Major,,,Anime,,2023,
4057,Blow out,96,A Major,,,Anime,,,
4063,Hidamari Days,134,D Major,,,Anime,,,
4064,Merry-Go-Round,120,D# Major,,,Anime,,2021,
4065,Gotoubun no Mirai,81.5,E Major,,,Anime,,2023,
4066,Break Together,90,G# Major,,,Anime,,2023,
4069,Dream hopper,71.5,E Major,,,Anime,,2021,
4070,Ashita no Katachi,84,F# Major,,,Anime,,2023,
4072,Shiny tale,94.5,E Major,,,Anime,,,
4077,Flare,86,F# Major,,,Anime,,2022,
4078,Netsuju no Spectrum,80,D Major,,Ikimono-gakari,Anime,The Seven Deadly Sins,2014,
4080,Deal with the devil,71,G Major,,Tia,Anime,Kakegurui,2017,
4081,Zettai Zetsumei,71.5,D Major,,Co shu Nie,Anime,The Promised Neverland,2019,
4084,Wasuregataki,124,G Major,,,Anime,,2023,
4097,grayscale dominator,95,C Major,,,Anime,,2023,
4100,courage,98,G Major,,,Anime,,,
4101,Ai for you!,88,D# Major,,,Anime,,2024,
4106,KINGS,88,B Major,,,Anime,,,
4108,black bullet,77.5,A# Major,,fripSide,Anime,Black Bullet,2014,
4114,Shikou,80,D# Major,,,Anime,,2023,
4116,EASY LOVE,94,C Major,,,Anime,,2021,
4117,Time Factor,108,G Major,,,Anime,,2021,
4120,Ichigo Ichie Celeb,74.5,E Major,,,Anime,,2022,
4121,Easy Hard Shikashite,87.5,G Major,,,Anime,,2024,
4127,Orange,100,D Major,,,Anime,,2024,
4133,Nijiiro Passions!,90,G Major,,,Anime,,2020,
4134,Sugar Song To Bitter,132,F# Major,,,Anime,,,
4136,River,88,D Major,,,Anime,,2023,
4137,Atamannaka DEAD,71,E Major,,,Anime,,2022,
4138,Glorious Moment,99,A Major,,,Anime,,2023,
4140,Beautiful,128,C Major,,,Anime,,2021,
4146,SHINY,150,C Major,,,Anime,,2023,
4149,Gift (Myuk),116,E Major,,,Anime,,2023,
4150,Raise,119,F Major,,,Anime,,2023,
4153,Kemono no Kotowari,101,D# Major,,,Anime,,2021,
4156,Kaze Fukeba Tsukiyo,84,D# Major,,,Anime,,2020,
4157,Houkago no Liberty,70,G Major,,halca,Anime,We Never Learn,2019,
4163,SLUMP,80,A Major,,Stray Kids,Anime,Tower of God,2020,
4164,Akatsuki wo Ute,77.33,D Major,,,Anime,,2022,
4166,Turing Love,71,G Major,,"Akari Nanawo, Sou",Anime,"Science Fell in Love, So I Tried to Prove It",2020,
4168,LOVE NO HATE,142,A# Major,,,Anime,,2023,
4178,I wish,130,B Major,,,Anime,,2023,
4181,STEP,73,G Major,,ClariS,Anime,Nisekoi: False Love,2014,
4183,V.I.P,92.5,D Major,,,Anime,,,
4186,ASEED,101,C Major,,,Anime,,2022,
4187,Omoi Nochi Hare,81.5,B Major,,,Anime,,2022,
4188,Forget Me Not,80.5,G# Major,,,Anime,,2021,
4190,BANG,137,B Major,,,Anime,,2021,
4198,Tsugihagi Moyou,127,C# Major,,,Anime,,2021,
4200,"No pain, no game",95,G# Major,,,Anime,,,
4202,Douka,72.5,D# Major,,,Anime,,2024,
4204,Yake Ochinai Tsubasa,130,C# Major,,,Anime,,,
4205,Collection,92.5,A Major,,,Anime,,2023,
4210,Cat!! shite SuperGirls,91,D# Major,,,Anime,,2022,
4212,Seishun Seminar,133,F# Major,,,Anime,,,
4215,Bon Kyu Bon wa Kare no Mono,77,D# Major,,Sumire Uesaka,Anime,"Why the Hell are you Here, Teacher?! ",2019,
4218,Zutto,118,B Major,,,Anime,,,
4223,Strike It Out,120,D# Major,,,Anime,,2022,
4224,Plastic Smile,83.5,G Major,,,Anime,,2021,
4226,Brand new day,86.5,G Major,,,Anime,,2023,
4229,Dainouteki na R,122,A Major,,,Anime,,2022,
4230,Rana,85.5,F Major,,,Anime,,2022,
4232,Icy Ivy,128,G Major,,,Anime,,2021,
4241,No! No! Satisfaction,72.5,A# Major,,,Anime,,2021,
4243,B Chiku Sentai SOX,75.5,C Major,,SOX,Anime,Shimoneta: A Boring World Where the Concept of Dirty Jokes Doesn't Exist,2015,
4244,Gekkan Toppa x S,93.75,D Major,,,Anime,,,
4253,GO! GO! Saibou Festa,92.5,E Major,,,Anime,,2021,
4258,Hatsukoi,78,F# Major,,,Anime,,2021,
4260,SWITCH,80,F# Major,,Minami,Anime,High School DxD Hero,2018,
4261,Otome no Kokoroe,132,D# Major,,,Anime,,2021,
4263,Luck Life – ℃,105,C# Major,,,Anime,,2023,
4271,Umarun Taisou,85,E Major,,"Aya Suzaki, Yumiri Hanamori, Rumi Ookubo, Haruka Shiraishi",Anime,Himouto! Umaru-chan,2015,
4275,Hoozuki,86,A Major,,,Anime,,2024,
4277,ideal white,90,F Major,,,Anime,,,
4280,7 -seven-,85,D Major,,FLOW x GRANRODEO,Anime,The Seven Deadly Sins,2016,
4281,Ta ga Tame,91.5,D Major,,,Anime,,2023,
4286,RESISTER,91.5,G# Major,,,Anime,,,
4288,"Donna Hoshizora Yori mo, Donna Omoide Yori mo",80,C Major,,ChouCho,Anime,A Sister's All You Need,2017,
4289,Luck Life - Shirushi,84,C# Major,,,Anime,,2023,
4291,SHOCK!,133,D# Major,,,Anime,,2023,
4301,Inner Urge,135,C Major,,,Anime,,,
4303,Hitoshizuku,102,F# Major,,,Anime,,2023,
4304,Mangetsu to,84,G# Major,,,Anime,,2021,
4305,lull,133,A Major,,,Anime,,,
4307,Dark seeks light,92.5,G# Major,,,Anime,,2021,
4310,Shout Baby,90,G Major,,,Anime,,,
4315,My Nonfiction,77.5,B Major,,,Anime,,2022,
4316,Megamorfoze,98,F# Major,,,Anime,,2023,
4322,Private Eye,118,,,,Anime,,2022,
4326,ADAMAS,95.5,E Major,,,Anime,,,
4327,Complication,138,E Major,,,Anime,,,
4331,Little Soldier,72,F# Major,,Azusa Tadokoro,Anime,That Time I Got Reincarnated as a Slime,2019,
4335,Life Is Cider,105,C# Major,,,Anime,,2021,
4338,Nanairo Symphony,77.5,D Major,,Coalamode,Anime,Your Lie in April,2014,
4339,EVOLUTiON,131,G Major,,,Anime,,2021,
4350,Sparkling Daydream,87.5,B Major,,,Anime,,,
4355,Blessing,80,A Major,,,Anime,,2021,
4360,HIBANA,80,G Major,,,Anime,,2024,
4363,Dokimeki Diary,92.5,C# Major,,,Anime,,2023,
4368,CHANGEMAKER,94,B Major,,,Anime,,2023,
4371,TOMBI,132,E Major,,,Anime,,2023,
4372,enemy,94,G Major,,,Anime,,2021,
4373,Maid With Dragons,70,F Major,,,Anime,,2021,
4376,Rakuen,93.23,F# Major,,,Anime,,2023,
4382,Katachi,124,A Major,,,Anime,,2022,
4384,Paradigm,80,D Major,,Eufonius,Anime,Kokoro Connect,2012,
4390,S & Sweet CHERRY,104,G Major,,,Anime,,,
4394,Keep going,99,F# Major,,,Anime,,2022,
4406,Natsuake,95,C# Major,,,Anime,,2023,
4408,Pre-Parade,80,F Major,,"Rie Kugimiya, Yui Horie, Eri Kitamura",Anime,Toradora!,2008,
4411,Zannen Kei Rinjin Bu,133,G Major,,,Anime,,,
4413,Work Out!,87,E Major,,,Anime,,2022,
4419,Gotoubun no Katachi,79,G Major,,,Anime,,2021,
4420,FIRE BIRD,136,D Major,,,Anime,,2021,
4421,"Kono Tate ni, Kaku",156,D Major,,,Anime,,2023,
4429,Saika,110,D# Major,,,Anime,,2021,
4431,"Ware, Bara ni Insu",84,F Major,,,Anime,,2022,
4433,Kyuuseishu,102.5,G Major,,,Anime,,2023,
4437,FLARE,82,A# Major,,Void_Chords feat. LIO,Anime,Arifureta: From Commonplace to World's Strongest,2019,
4445,Starting Over,107,D Major,,,Anime,,2023,
4446,Black Crack,98.5,A Major,,,Anime,,2023,
4447,Sono Chi no Sadame,73,A# Major,,Hiroaki TOMMY Tominaga,Anime,JoJo's Bizarre Adventure (2012),2012,
4451,Give It Up?,90,E Major,,,Anime,,2021,
4452,Ranbu no Melody,96,E Major,,,Anime,,,
4459,LAY YOUR HANDS ON ME,70.5,F Major,,Boom Boom Satellites,Anime,Kiznaiver,2016,
4464,Dramatic ja Nakute,130,E Major,,,Anime,,2023,
4466,Kanade,75,D# Major,,Sora Amamiya,Anime,One Week Friends,2014,
4480,Ladder,108,C# Major,,,Anime,,2022,
4483,THE LONELIEST,130,D Major,,,Anime,,2023,
4485,Unite up!,139,C Major,,,Anime,,2023,
4486,Gen'ai Yuugi,82.5,D# Major,,,Anime,,2022,
4487,Sing My Pleasure,87.5,G# Major,,,Anime,,2021,
4488,soumonka,100,B Major,,,Anime,,2024,
4489,selfish,131,A Major,,,Anime,,2022,
4490,Natsuyume Noisy,80,A Major,,,Anime,,2022,
4492,JINGO JUNGLE,130,G Major,,,Anime,,,
4493,Unmei-chan,129,C# Major,,,Anime,,2024,
4495,Continue Distortion,95,A# Major,,,Anime,,2023,
4499,Lock-On,100,D Major,,,Anime,,2024,
4500,Racing into the Night,130,D# Major,,,Anime,,,
4501,Hitorigoto,82.5,D# Major,,ClariS,Anime,Eromanga Sensei,2017,
4502,spiral,122,D# Major,,,Anime,,2023,
4506,"Su, Suki Janai!",90,F Major,,,Anime,,2022,
4508,AMBITIOUS GOAL,92.5,E Major,,,Anime,,2021,
4514,Reason Living,91.5,D# Major,,,Anime,,,
4518,Wanna Be Star!,118,D# Major,,,Anime,,2023,
4521,Rakuen (Paradise),98,A Major,,,Anime,,2021,
4523,Kanousei Liberation,110.5,G Major,,,Anime,,2024,
4527,Korekara,81,D Major,,Machico,Anime,The Ryuo's Work is Never Done!,2018,
4532,Kuusou Mesorogiwi,115,E Major,,,Anime,,,
4539,ZERO ICHI,90,A# Major,,,Anime,,2023,
4549,Long shot,135,F Major,,,Anime,,2021,
4554,Let’s Go To Paradise,70.5,F# Major,,"Yuusuke Kobayashi, Junji Majima, Miyu Tomita",Anime,Interspecies Reviewers,2020,
4556,This Fading Blue,75,F Major,,,Anime,,2022,
4559,Grand Blue,134,C# Major,,,Anime,,,
4560,Shake & Shake,111,F# Major,,,Anime,,2021,
4561,Petals,85,C# Major,,,Anime,,2021,
4562,Jiyuu no Kuchizuke,130,A Major,,,Anime,,2021,
4564,Bang Bang with Brav,74.5,G Major,,,Anime,,2024,
4567,Quiet explosion,138,E Major,,,Anime,,2023,
4571,Presence,80,E Major,,,Anime,,2022,
4573,Ibitsu no Kotoba,89,A# Major,,,Anime,,2023,
4575,Water Carrier,72,F# Major,,,Anime,,2024,
4580,JUSTadICE,92.5,C Major,,,Anime,,,
4583,Tokimeki,151,D# Major,,,Anime,,2023,
4589,Kaibutsu,85,B Major,,,Anime,,2021,
4590,Shimi,120,D Major,,,Anime,,2021,
4610,Senya Souka,124,D Major,,,Anime,,2021,
4614,Showdown,89,D Major,,,Anime,,2024,
4623,ZEAL of Proud,97.5,F# Major,,,Anime,,2021,
4635,Fly Away,77,E Major,,Togashi Misuzu,Anime,Maken-ki!,2011,
4642,Baddest,107.5,F Major,,,Anime,,2021,
4644,IVORY TOWER,120,G Major,,,Anime,,2024,
4645,geki,135,F Major,,,Anime,,2022,
4646,Overload,138,C Major,,,Anime,,2022,
4647,Blade of Hope,94,F# Major,,,Anime,,,
4648,Time Paradox,82,G Major,,,Anime,,2024,
4655,Vanilla Salt,70,E Major,,Yui Horie,Anime,Toradora,2009,
4658,un_mute,142,C Major,,,Anime,,2023,
4660,Dear Teardrop,118,D Major,,,Anime,,,
4661,Omoide Shiritori,86,F# Major,,,Anime,,2021,
4663,Gamble,98,A Major,,,Anime,,2021,
4666,Maid Daikaiten,134,B Major,,,Anime,,2022,
4675,Gyakkyou Fuwaku,155,F Major,,,Anime,,2023,
4676,Ao Raid,102.5,C Major,,,Anime,,2022,
4677,Tonari Awase,120,E Major,,,Anime,,2023,
4678,Your Key,110,A Major,,,Anime,,2024,
4685,Fanfare,109,D# Major,,,Anime,,,
4694,Kyoumu Densen,72.5,D# Major,,ALI PROJECT,Anime,Another,2012,
4696,Blush,106,F Major,,,Anime,,2022,
4698,VOLTAGE,116,D Major,,,Anime,,2022,
4700,Onipapapan! Pan!,85,D# Major,,,Anime,,2022,
4703,Ai no Katachi,87,D# Major,,,Anime,,2021,
4704,Shitsuren Song,75,D Major,,,Anime,,2022,
4706,RISE UP,80,D Major,,,Anime,,2023,
4709,99,95,D Major,,,Anime,,,
4718,Neppu wa Rutensuru,82.5,E Major,,,Anime,,2023,
4720,VISIONS,92.5,G# Major,,,Anime,,2022,
4722,ZERO!!,91,A Major,,,Anime,,,
4730,Answer,100,E Major,,,Anime,,2021,
4732,Reset Life?,89.5,F# Major,,,Anime,,2023,
4741,Kimiiro Signal,82,F# Major,,Luna Haruna,Anime,Saekano: How to Raise a Boring Girlfriend,2015,
4742,Darekare Scramble,75,A# Major,,,Anime,,2022,
4746,"Fight Oh, Fight!",90,G Major,,,Anime,,2021,
4747,Bleed My Heart,102,E Major,,,Anime,,2023,
4749,Dear,106,D# Major,,,Anime,,2023,
4750,BAKU,114,E Major,,,Anime,,2021,
4751,Sesame,133,F Major,,,Anime,,2024,
4753,Shukufuku,85,G Major,,,Anime,,2022,
4764,Sekai wa Kyou mo Atarashii,77,E Major,,Kana Hanazawa,Anime,Girls Beyond the Wasteland,2016,
4768,ID,125,D Major,,,Anime,,2020,
4769,Kaze to Iku Michi,86,A# Major,,,Anime,,2021,
4773,Chitty Chitty Bang,128,G Major,,,Anime,,2022,
4774,Gurenge,135,G Major,,,Anime,,,
4782,Moffumoffu,108,E Major,,,Anime,,,
4785,Tsuki to Hoshizora,97.5,C# Major,,,Anime,,2020,
4786,Dokidoki Idea wo Y,95,F Major,,,Anime,,2022,
4789,Senkou Hayabusa,87.5,A# Major,,,Anime,,2024,
4792,Aoi Shiori,132,E Major,,,Anime,,,
4795,No Continue,135,F# Major,,,Anime,,2021,
4806,Flower Ring,128,G Major,,,Anime,,2023,
4812,Bokura wa Genius,89.5,D Major,,,Anime,,2023,
4813,TOP OF THE LAUGH,112,G Major,,,Anime,,2022,
4819,Setsugetsu Fuuka,144,F# Major,,,Anime,,2023,
4838,The Sacred Torch,70,D Major,,,Anime,,2021,
4854,My Love,128,D# Major,,,Anime,,,
4858,Gyoukou,70,F Major,,,Anime,,2022,
4859,COLORS,136,C# Major,,,Anime,,,
4861,I will…,88,E Major,,,Anime,,2020,
4869,Daisy,85,A Major,,STEREO DIVE FOUNDATION,Anime,Beyond the Boundary,2013,
4875,Kimi ga Ojii-chan,112,E Major,,,Anime,,2024,
4880,KISS OF DEATH,122,F Major,,,Anime,,,
4885,Anti world,110,G# Major,,,Anime,,2020,
4889,Yumesekai,81,D# Major,,Haruka Tomatsu,Anime,Sword Art Online,2012,
4890,Imagination,102,D# Major,,,Anime,,,
4894,Destin Histoire,83,A# Major,,yoshiki*lisa,Anime,Gosick,2011,
4896,STRAIGHT JET,77,D Major,,Minami Kuribayashi,Anime,Infinite Stratos,2011,
4899,HIKARI,105,C# Major,,,Anime,,,
4902,Double Shuffle,120,E Major,,,Anime,,2022,
4903,Steppin' Out,70,G Major,,FLOW,Anime,Durarara!!x2 Ketsu,2016,
4905,Infinite,96,C Major,,,Anime,,2022,
4910,Shiny Girl,97,D Major,,,Anime,,2023,
4913,Answer,133,B Major,,,Anime,,,
4915,WONDER LIGHT,116,A Major,,,Anime,,2022,
4919,Seishun no Archive,113,C# Major,,,Anime,,2024,
4923,Keshou,100,F# Major,,,Anime,,2021,
4927,BYE BYE YESTERDAY,90,F Major,,,Anime,,,
4935,Faith,84.5,E Major,,,Anime,,2022,
4938,Core Pride,92.5,F Major,,,Anime,,,
4947,more than words,130,C# Major,,,Anime,,2023,
4950,Kawaki no Ameku,129,A Major,,,Anime,,,
4953,Hologram,78.07,C Major,,NICO Touches the Walls,Anime,Fullmetal Alchemist: Brotherhood,2009,
4957,Ayakashi,92,G Major,,,Anime,,2023,
4959,Pink Lemonade,95.5,C# Major,,,Anime,,,
4966,Arc-en-ciel,130,D Major,,,Anime,,2023,
4975,Renegade,135,B Major,,,Anime,,,
4978,IDOL,83,B Major,,,Anime,,2023,
4979, Seikatsu Konkyuu,102.5,G# Major,,,Anime,,2021,
4980,Golden Ray,81,B Major,,,Anime,,2023,
4984,Suzume,78,F Major,,,Anime,,2022,
4985,Tokimeki Poporon,85,C Major,,"Inori Minase, Sora Tokui, Rie Murakawa",Anime,Is the Order a Rabbit?,2015,
4986,katagiri - Tailwind,143,C# Major,,,Anime,,2023,
4991,Here is,80,D# Major,,,Anime,,2023,
4995,Kimi no Sei,87,E Major,,the peggies,Anime,Rascal Does Not Dream of Bunny Girl Senpai,2018,
4996,This fffire,73.5,F Major,,,Anime,,2022,
4999,Fever Dreamer,72.5,G Major,,,Anime,,2021,
